DATE,BTC_USD,USD_NOK,BTC_NOK,SOURCE
2010-07-17,0.04951,6.1946,0.314362,MtGox
2010-07-18,0.08584,6.1946,0.545038,MtGox
2010-07-19,0.0808,6.2839,0.520433,MtGox
2010-07-20,0.07474,6.329,0.484855,MtGox
2010-07-21,0.07921,6.2522,0.507618,MtGox
2010-07-22,0.0505,6.2062,0.321248,MtGox
2010-07-23,0.06262,6.1766,0.396448,MtGox
2010-07-24,0.05454,6.1766,0.345294,MtGox
2010-07-25,0.0505,6.1766,0.319716,MtGox
2010-07-26,0.056,6.1882,0.355203,MtGox
2010-07-27,0.06,6.1379,0.377481,MtGox
2010-07-28,0.0589,6.143,0.370868,MtGox
2010-07-29,0.0699,6.0988,0.436964,MtGox
2010-07-30,0.0627,6.0949,0.391704,MtGox
2010-07-31,0.06785,6.0949,0.423877,MtGox
2010-08-01,0.0611,6.0949,0.381708,MtGox
2010-08-02,0.06,6.012,0.369738,MtGox
2010-08-03,0.06,5.9613,0.36662,MtGox
2010-08-04,0.057,5.9723,0.348932,MtGox
2010-08-05,0.061,5.9743,0.373543,MtGox
2010-08-06,0.0623,5.9787,0.381785,MtGox
2010-08-07,0.059,5.9787,0.361562,MtGox
2010-08-08,0.0609,5.9787,0.373205,MtGox
2010-08-09,0.071,5.959,0.433666,MtGox
2010-08-10,0.07,6.0139,0.431497,MtGox
2010-08-11,0.067,6.1205,0.420325,MtGox
2010-08-12,0.07,6.2271,0.446794,MtGox
2010-08-13,0.0645,6.1927,0.409415,MtGox
2010-08-14,0.067,6.1927,0.425284,MtGox
2010-08-15,0.06529,6.1927,0.414429,MtGox
2010-08-16,0.0655,6.2044,0.416548,MtGox
2010-08-17,0.07,6.1481,0.441126,MtGox
2010-08-18,0.068,6.1568,0.429129,MtGox
2010-08-19,0.0667,6.1503,0.420481,MtGox
2010-08-20,0.0655,6.2654,0.420643,MtGox
2010-08-21,0.0664,6.2654,0.426423,MtGox
2010-08-22,0.066,6.2654,0.423854,MtGox
2010-08-23,0.06491,6.2209,0.413894,MtGox
2010-08-24,0.065,6.2969,0.419531,MtGox
2010-08-25,0.0648,6.3557,0.422146,MtGox
2010-08-26,0.064,6.3058,0.41366,MtGox
2010-08-27,0.065,6.2759,0.418132,MtGox
2010-08-28,0.0641,6.2759,0.412342,MtGox
2010-08-29,0.064,6.2759,0.411699,MtGox
2010-08-30,0.06497,6.2717,0.417659,MtGox
2010-08-31,0.06,6.3285,0.389203,MtGox
2010-09-01,0.0629,6.2051,0.400058,MtGox
2010-09-02,0.0634,6.164,0.400568,MtGox
2010-09-03,0.06085,6.147,0.383396,MtGox
2010-09-04,0.06238,6.147,0.393036,MtGox
2010-09-05,0.0616,6.147,0.388122,MtGox
2010-09-06,0.0616,6.1209,0.386474,MtGox
2010-09-07,0.061,6.1919,0.387149,MtGox
2010-09-08,0.062,6.207,0.394455,MtGox
2010-09-09,0.06111,6.1915,0.387822,MtGox
2010-09-10,0.0618,6.1894,0.392068,MtGox
2010-09-11,0.06366,6.1894,0.403868,MtGox
2010-09-12,0.0615,6.1894,0.390164,MtGox
2010-09-13,0.06219,6.1339,0.391004,MtGox
2010-09-14,0.06199,6.1307,0.389543,MtGox
2010-09-15,0.0604,6.0798,0.3764,MtGox
2010-09-16,0.0619,6.0831,0.385957,MtGox
2010-09-17,0.059,6.0988,0.368825,MtGox
2010-09-18,0.061,6.0988,0.381327,MtGox
2010-09-19,0.0627,6.0988,0.391955,MtGox
2010-09-20,0.0621,6.0838,0.387249,MtGox
2010-09-21,0.06265,6.0438,0.38811,MtGox
2010-09-22,0.0622,5.9088,0.376716,MtGox
2010-09-23,0.06231,5.9442,0.379643,MtGox
2010-09-24,0.0622,5.9257,0.377793,MtGox
2010-09-25,0.06202,5.9257,0.3767,MtGox
2010-09-26,0.062,5.9257,0.376578,MtGox
2010-09-27,0.0622,5.8726,0.374408,MtGox
2010-09-28,0.0619,5.919,0.375546,MtGox
2010-09-29,0.06191,5.8534,0.371444,MtGox
2010-09-30,0.0619,5.8382,0.370419,MtGox
2010-10-01,0.06197,5.8575,0.372064,MtGox
2010-10-02,0.0614,5.8575,0.368642,MtGox
2010-10-03,0.06111,5.8575,0.366901,MtGox
2010-10-04,0.0613,5.8592,0.368148,MtGox
2010-10-05,0.0614,5.8353,0.367245,MtGox
2010-10-06,0.06281,5.7982,0.37329,MtGox
2010-10-07,0.067,5.786,0.397354,MtGox
2010-10-08,0.08685,5.8383,0.519733,MtGox
2010-10-09,0.0938,5.8383,0.561323,MtGox
2010-10-10,0.0965,5.8383,0.577481,MtGox
2010-10-11,0.095,5.8291,0.567609,MtGox
2010-10-12,0.0949,5.8729,0.571272,MtGox
2010-10-13,0.105,5.8282,0.62726,MtGox
2010-10-14,0.102,5.7226,0.598298,MtGox
2010-10-15,0.105,5.7438,0.618176,MtGox
2010-10-16,0.101,5.7438,0.594627,MtGox
2010-10-17,0.102,5.7438,0.600514,MtGox
2010-10-18,0.1024,5.865,0.61559,MtGox
2010-10-19,0.097,5.8944,0.586051,MtGox
2010-10-20,0.099,5.8859,0.597272,MtGox
2010-10-21,0.107,5.8066,0.636839,MtGox
2010-10-22,0.1025,5.844,0.613985,MtGox
2010-10-23,0.1055,5.844,0.631956,MtGox
2010-10-24,0.11501,5.844,0.688921,MtGox
2010-10-25,0.132,5.7683,0.780451,MtGox
2010-10-26,0.1503,5.8367,0.899187,MtGox
2010-10-27,0.1877,5.9009,1.135289,MtGox
2010-10-28,0.1731,5.8815,1.04354,MtGox
2010-10-29,0.19,5.9118,1.151323,MtGox
2010-10-30,0.1989,5.9118,1.205253,MtGox
2010-10-31,0.1925,5.9118,1.166472,MtGox
2010-11-01,0.1955,5.8491,1.172087,MtGox
2010-11-02,0.1938,5.8518,1.162431,MtGox
2010-11-03,0.1931,5.857,1.159261,MtGox
2010-11-04,0.23,5.7203,1.348561,MtGox
2010-11-05,0.26,5.7647,1.536293,MtGox
2010-11-06,0.39,5.7647,2.304439,MtGox
2010-11-07,0.34,5.7647,2.008998,MtGox
2010-11-08,0.243,5.8094,1.446976,MtGox
2010-11-09,0.21,5.792,1.246728,MtGox
2010-11-10,0.24,5.8649,1.442765,MtGox
2010-11-11,0.2231,5.9058,1.350524,MtGox
2010-11-12,0.2682,5.9317,1.630654,MtGox
2010-11-13,0.276,5.9317,1.678078,MtGox
2010-11-14,0.27904,5.9317,1.696561,MtGox
2010-11-15,0.2682,5.9706,1.641348,MtGox
2010-11-16,0.223,5.9999,1.371427,MtGox
2010-11-17,0.2299,6.0715,1.430734,MtGox
2010-11-18,0.2678,5.9808,1.6417,MtGox
2010-11-19,0.28,5.9968,1.721082,MtGox
2010-11-20,0.28301,5.9968,1.739583,MtGox
2010-11-21,0.27675,5.9968,1.701105,MtGox
2010-11-22,0.2879,6.0138,1.774657,MtGox
2010-11-23,0.28295,6.0811,1.763663,MtGox
2010-11-24,0.28299,6.1058,1.771077,MtGox
2010-11-25,0.28,6.1013,1.751073,MtGox
2010-11-26,0.2844,6.183,1.802406,MtGox
2010-11-27,0.283,6.183,1.793534,MtGox
2010-11-28,0.27,6.183,1.711145,MtGox
2010-11-29,0.2299,6.1832,1.457056,MtGox
2010-11-30,0.2082,6.2248,1.328403,MtGox
2010-12-01,0.2275,6.1456,1.433077,MtGox
2010-12-02,0.255,6.1269,1.601418,MtGox
2010-12-03,0.25105,6.0433,1.5551,MtGox
2010-12-04,0.205,6.0433,1.269848,MtGox
2010-12-05,0.19,6.0433,1.176933,MtGox
2010-12-06,0.204,6.0079,1.256252,MtGox
2010-12-07,0.233,5.9612,1.423684,MtGox
2010-12-08,0.2388,6.0322,1.476502,MtGox
2010-12-09,0.2,6.0201,1.23412,MtGox
2010-12-10,0.204,5.9933,1.253199,MtGox
2010-12-11,0.228,5.9933,1.400634,MtGox
2010-12-12,0.22,5.9933,1.351489,MtGox
2010-12-13,0.2299,5.9746,1.4079,MtGox
2010-12-14,0.24669,5.8772,1.486093,MtGox
2010-12-15,0.23801,5.8877,1.436365,MtGox
2010-12-16,0.24996,5.9639,1.528005,MtGox
2010-12-17,0.24,5.9521,1.464217,MtGox
2010-12-18,0.241,5.9521,1.470318,MtGox
2010-12-19,0.2401,5.9521,1.464827,MtGox
2010-12-20,0.267,5.9789,1.636275,MtGox
2010-12-21,0.24,5.9764,1.470194,MtGox
2010-12-22,0.25,6.0033,1.538346,MtGox
2010-12-23,0.25,5.9989,1.537218,MtGox
2010-12-24,0.248,5.9989,1.52492,MtGox
2010-12-25,0.2499,5.9989,1.536603,MtGox
2010-12-26,0.265,5.9989,1.629451,MtGox
2010-12-27,0.265,5.9645,1.620107,MtGox
2010-12-28,0.281,5.9307,1.70819,MtGox
2010-12-29,0.3,5.9447,1.827995,MtGox
2010-12-30,0.3,5.8878,1.810498,MtGox
2010-12-31,0.3,5.8564,1.800843,MtGox
2011-01-01,0.3,5.8564,1.800843,MtGox
2011-01-02,0.29997,5.8564,1.800663,MtGox
2011-01-03,0.295,5.8286,1.762423,MtGox
2011-01-04,0.29895,5.8185,1.782927,MtGox
2011-01-05,0.299,5.8953,1.806762,MtGox
2011-01-06,0.298,5.9182,1.807714,MtGox
2011-01-07,0.32,5.961,1.955208,MtGox
2011-01-08,0.3229,5.961,1.972927,MtGox
2011-01-09,0.323,5.961,1.973538,MtGox
2011-01-10,0.32659,5.9742,1.999892,MtGox
2011-01-11,0.32659,5.9669,1.997448,MtGox
2011-01-12,0.3188,5.94,1.941014,MtGox
2011-01-13,0.3176,5.9073,1.923062,MtGox
2011-01-14,0.4,5.8806,2.411046,MtGox
2011-01-15,0.386,5.8806,2.326659,MtGox
2011-01-16,0.38679,5.8806,2.331421,MtGox
2011-01-17,0.3495,5.8493,2.095439,MtGox
2011-01-18,0.31299,5.8485,1.876285,MtGox
2011-01-19,0.31299,5.7945,1.858961,MtGox
2011-01-20,0.39,5.8451,2.336579,MtGox
2011-01-21,0.41991,5.8368,2.512204,MtGox
2011-01-22,0.4443,5.8368,2.658122,MtGox
2011-01-23,0.4424,5.8368,2.646755,MtGox
2011-01-24,0.4199,5.8087,2.50005,MtGox
2011-01-25,0.41,5.7723,2.425809,MtGox
2011-01-26,0.417,5.7499,2.457651,MtGox
2011-01-27,0.4212,5.7765,2.493888,MtGox
2011-01-28,0.446,5.7863,2.645207,MtGox
2011-01-29,0.439,5.7863,2.60369,MtGox
2011-01-30,0.4799,5.7863,2.846267,MtGox
2011-01-31,0.52001,5.7895,3.085863,MtGox
2011-02-01,0.7,5.7303,4.11149,MtGox
2011-02-02,0.716,5.7118,4.19189,MtGox
2011-02-03,0.69,5.7174,4.043631,MtGox
2011-02-04,0.811,5.7278,4.761377,MtGox
2011-02-05,0.92,5.7278,5.401315,MtGox
2011-02-06,0.89968,5.7278,5.282017,MtGox
2011-02-07,0.89,5.7836,5.276089,MtGox
2011-02-08,0.918,5.7638,5.423448,MtGox
2011-02-09,1.09,5.7657,6.441728,MtGox
2011-02-10,0.98031,5.8306,5.85869,MtGox
2011-02-11,1.07001,5.8636,6.430963,MtGox
2011-02-12,1.0799,5.8636,6.490404,MtGox
2011-02-13,1.05,5.8636,6.3107,MtGox
2011-02-14,1.07,5.8609,6.427942,MtGox
2011-02-15,1.05,5.7983,6.24042,MtGox
2011-02-16,1.045,5.7939,6.205991,MtGox
2011-02-17,1.04,5.7577,6.137708,MtGox
2011-02-18,0.8989,5.6913,5.243807,MtGox
2011-02-19,0.94898,5.6913,5.535953,MtGox
2011-02-20,0.85,5.6913,4.958545,MtGox
2011-02-21,0.8345,5.6841,4.861966,MtGox
2011-02-22,0.87023,5.6717,5.059076,MtGox
2011-02-23,0.9,5.6362,5.199394,MtGox
2011-02-24,0.99743,5.6044,5.729747,MtGox
2011-02-25,0.9111,5.6416,5.268563,MtGox
2011-02-26,0.958,5.6416,5.539769,MtGox
2011-02-27,0.89,5.6416,5.14655,MtGox
2011-02-28,0.86,5.5725,4.912159,MtGox
2011-03-01,0.92021,5.5783,5.261538,MtGox
2011-03-02,0.9399,5.5775,5.37335,MtGox
2011-03-03,0.93909,5.57,5.3615,MtGox
2011-03-04,0.901,5.5743,5.148005,MtGox
2011-03-05,0.9103,5.5743,5.201142,MtGox
2011-03-06,0.8999,5.5743,5.14172,MtGox
2011-03-07,0.88502,5.5318,5.018147,MtGox
2011-03-08,0.86999,5.5799,4.975819,MtGox
2011-03-09,0.86449,5.565,4.931159,MtGox
2011-03-10,0.9329,5.6322,5.385636,MtGox
2011-03-11,0.88,5.6672,5.111814,MtGox
2011-03-12,0.918,5.6672,5.332552,MtGox
2011-03-13,0.89249,5.6672,5.184367,MtGox
2011-03-14,0.8949,5.613,5.148651,MtGox
2011-03-15,0.87,5.7001,5.083064,MtGox
2011-03-16,0.86,5.6405,4.972101,MtGox
2011-03-17,0.82542,5.6402,4.771922,MtGox
2011-03-18,0.81648,5.5789,4.668937,MtGox
2011-03-19,0.765,5.5789,4.374555,MtGox
2011-03-20,0.74108,5.5789,4.237771,MtGox
2011-03-21,0.75897,5.5513,4.318602,MtGox
2011-03-22,0.80901,5.5633,4.613284,MtGox
2011-03-23,0.84971,5.5822,4.861832,MtGox
2011-03-24,0.86688,5.5797,4.957854,MtGox
2011-03-25,0.88377,5.5855,5.059705,MtGox
2011-03-26,0.8552,5.5855,4.896138,MtGox
2011-03-27,0.82,5.5855,4.694613,MtGox
2011-03-28,0.79898,5.6118,4.595809,MtGox
2011-03-29,0.7925,5.6192,4.564546,MtGox
2011-03-30,0.7897,5.5837,4.519684,MtGox
2011-03-31,0.78461,5.5135,4.434096,MtGox
2011-04-01,0.77411,5.5198,4.379756,MtGox
2011-04-02,0.78199,5.5198,4.424339,MtGox
2011-04-03,0.779,5.5198,4.407422,MtGox
2011-04-04,0.68,5.4919,3.827854,MtGox
2011-04-05,0.71,5.4998,4.002479,MtGox
2011-04-06,0.74,5.4441,4.12935,MtGox
2011-04-07,0.7538,5.4733,4.228918,MtGox
2011-04-08,0.74999,5.4177,4.164801,MtGox
2011-04-09,0.73,5.4177,4.053794,MtGox
2011-04-10,0.7369,5.4177,4.092111,MtGox
2011-04-11,0.77,5.4126,4.271895,MtGox
2011-04-12,0.86,5.4437,4.798622,MtGox
2011-04-13,0.9225,5.4247,5.129393,MtGox
2011-04-14,1.0,5.4566,5.593015,MtGox
2011-04-15,0.98991,5.4035,5.482703,MtGox
2011-04-16,1.0499,5.4035,5.814963,MtGox
2011-04-17,1.1123,5.4035,6.160571,MtGox
2011-04-18,1.16199,5.4557,6.497956,MtGox
2011-04-19,1.1979,5.4283,6.665125,MtGox
2011-04-20,1.1421,5.3889,6.308529,MtGox
2011-04-21,1.21,5.3889,6.683583,MtGox
2011-04-22,1.40901,5.3889,7.782839,MtGox
2011-04-23,1.7001,5.3889,9.390711,MtGox
2011-04-24,1.63011,5.3889,9.004112,MtGox
2011-04-25,1.559,5.3889,8.611327,MtGox
2011-04-26,1.7949,5.3226,9.792373,MtGox
2011-04-27,1.9,5.3099,10.34103,MtGox
2011-04-28,2.21059,5.2785,11.960314,MtGox
2011-04-29,2.88,5.2369,15.459329,MtGox
2011-04-30,3.5,5.2369,18.787379,MtGox
2011-05-01,3.03311,5.2369,16.281196,MtGox
2011-05-02,3.2,5.2436,17.199008,MtGox
2011-05-03,3.41,5.2771,18.444784,MtGox
2011-05-04,3.40609,5.2889,18.464831,MtGox
2011-05-05,3.333,5.353,18.287588,MtGox
2011-05-06,3.45,5.4789,19.37476,MtGox
2011-05-07,3.641,5.4789,20.447392,MtGox
2011-05-08,3.8659,5.4789,21.710401,MtGox
2011-05-09,3.8,5.464,21.28228,MtGox
2011-05-10,5.81,5.4349,32.366188,MtGox
2011-05-11,5.5,5.4252,30.584565,MtGox
2011-05-12,6.30019,5.5119,35.594168,MtGox
2011-05-13,8.198,5.4905,46.136397,MtGox
2011-05-14,7.19769,5.4905,40.50689,MtGox
2011-05-15,6.98701,5.4905,39.321233,MtGox
2011-05-16,8.03388,5.5625,45.805669,MtGox
2011-05-17,7.19,5.5625,40.994234,MtGox
2011-05-18,6.88,5.5781,39.336761,MtGox
2011-05-19,6.805,5.5188,38.49432,MtGox
2011-05-20,5.59039,5.4983,31.506082,MtGox
2011-05-21,6.11971,5.4983,34.489202,MtGox
2011-05-22,6.6901,5.4983,37.703781,MtGox
2011-05-23,7.14991,5.5974,41.021429,MtGox
2011-05-24,7.42,5.5636,42.31396,MtGox
2011-05-25,8.3997,5.5612,47.880222,MtGox
2011-05-26,8.798,5.4983,49.583394,MtGox
2011-05-27,8.5002,5.4462,47.451134,MtGox
2011-05-28,8.3001,5.4462,46.334105,MtGox
2011-05-29,8.4299,5.4462,47.058694,MtGox
2011-05-30,8.8,5.4292,48.971384,MtGox
2011-05-31,8.741,5.3938,48.325886,MtGox
2011-06-01,9.57,5.3658,52.634474,MtGox
2011-06-02,10.6,5.3658,58.299417,MtGox
2011-06-03,14.29,5.3814,78.822711,MtGox
2011-06-04,18.89,5.3814,104.196012,MtGox
2011-06-05,16.7,5.3814,92.116114,MtGox
2011-06-06,18.5499,5.36,101.913151,MtGox
2011-06-07,23.9234,5.3505,131.202205,MtGox
2011-06-08,29.6,5.3981,163.778354,MtGox
2011-06-09,28.919,5.3873,159.690212,MtGox
2011-06-10,23.9497,5.4228,133.121294,MtGox
2011-06-11,14.6511,5.4228,81.436235,MtGox
2011-06-12,18.5464,5.4228,103.087753,MtGox
2011-06-13,19.84,5.4228,110.278061,MtGox
2011-06-14,19.28,5.3962,106.639704,MtGox
2011-06-15,19.49,5.4716,109.307521,MtGox
2011-06-16,17.0,5.5923,97.445827,MtGox
2011-06-17,15.681,5.5147,88.637911,MtGox
2011-06-18,16.89,5.5147,95.471865,MtGox
2011-06-19,17.51,5.5147,98.976457,MtGox
2011-06-20,17.358572857142857,5.5683,99.074185,Interpolated
2011-06-21,17.207145714285716,5.5048,97.089943,Interpolated
2011-06-22,17.05571857142857,5.464,95.522257,Interpolated
2011-06-23,16.90429142857143,5.4904,95.131605,Interpolated
2011-06-24,16.752864285714285,5.4729,93.97892,Interpolated
2011-06-25,16.601437142857144,5.4729,93.129455,Interpolated
2011-06-26,16.45001,5.4729,92.279991,MtGox
2011-06-27,16.75004,5.4801,94.086692,MtGox
2011-06-28,16.9498,5.4709,95.048927,MtGox
2011-06-29,16.845,5.4111,93.428729,MtGox
2011-06-30,16.10098,5.3882,88.924183,MtGox
2011-07-01,15.397,5.3769,84.857833,MtGox
2011-07-02,15.4,5.3769,84.874366,MtGox
2011-07-03,15.44049,5.3769,85.09752,MtGox
2011-07-04,13.86,5.3521,76.034609,MtGox
2011-07-05,12.90691,5.361,70.923793,MtGox
2011-07-06,14.78347,5.4243,82.194726,MtGox
2011-07-07,14.77609,5.4341,82.302119,MtGox
2011-07-08,14.31399,5.4381,79.786932,MtGox
2011-07-09,14.38,5.4381,80.154875,MtGox
2011-07-10,14.9,5.4381,83.053382,MtGox
2011-07-11,14.20912,5.5094,80.240819,MtGox
2011-07-12,14.00943,5.5614,79.859845,MtGox
2011-07-13,13.95099,5.5678,79.61823,MtGox
2011-07-14,13.99,5.5189,79.139646,MtGox
2011-07-15,13.81,5.5609,78.71593,MtGox
2011-07-16,13.7191,5.5609,78.197807,MtGox
2011-07-17,13.16,5.5609,75.01098,MtGox
2011-07-18,13.48,5.6013,77.393162,MtGox
2011-07-19,13.85024,5.5523,78.823205,MtGox
2011-07-20,13.68943,5.4931,77.077343,MtGox
2011-07-21,13.61,5.4669,76.264622,MtGox
2011-07-22,13.69542,5.3975,75.769055,MtGox
2011-07-23,13.68,5.3975,75.683745,MtGox
2011-07-24,13.98001,5.3975,77.343532,MtGox
2011-07-25,14.0478,5.4044,77.817929,MtGox
2011-07-26,13.88214,5.3607,76.278438,MtGox
2011-07-27,13.9394,5.3728,76.765949,MtGox
2011-07-28,13.49011,5.4169,74.901441,MtGox
2011-07-29,13.49832,5.4257,75.068781,MtGox
2011-07-30,13.53034,5.4257,75.246855,MtGox
2011-07-31,13.35,5.4257,74.243922,MtGox
2011-08-01,13.0946,5.3371,71.634369,MtGox
2011-08-02,12.05,5.3959,66.64611,MtGox
2011-08-03,9.26,5.372,50.988338,MtGox
2011-08-04,10.75,5.4399,59.940898,MtGox
2011-08-05,9.7999,5.4991,55.237896,MtGox
2011-08-06,6.55,5.4991,36.919583,MtGox
2011-08-07,7.9,5.4991,44.528962,MtGox
2011-08-08,7.79991,5.4608,43.658592,MtGox
2011-08-09,9.99,5.4878,56.1937,MtGox
2011-08-10,9.98,5.4364,55.611654,MtGox
2011-08-11,9.46248,5.5296,53.631823,MtGox
2011-08-12,9.46051,5.4919,53.255079,MtGox
2011-08-13,10.131,5.4919,57.0294,MtGox
2011-08-14,10.7957,5.4919,60.771127,MtGox
2011-08-15,11.14979,5.5004,62.861513,MtGox
2011-08-16,10.96409,5.477,61.551579,MtGox
2011-08-17,10.94555,5.3868,60.435526,MtGox
2011-08-18,10.83001,5.4308,60.286009,MtGox
2011-08-19,11.65,5.4623,65.22669,MtGox
2011-08-20,11.453,5.4623,64.123715,MtGox
2011-08-21,11.31125,5.4623,63.330077,MtGox
2011-08-22,10.895,5.4368,60.714784,MtGox
2011-08-23,10.94001,5.399,60.541742,MtGox
2011-08-24,10.8506,5.4337,60.432878,MtGox
2011-08-25,9.65702,5.3993,53.444677,MtGox
2011-08-26,8.17939,5.3975,45.251964,MtGox
2011-08-27,8.5902,5.3975,47.524745,MtGox
2011-08-28,9.07011,5.3975,50.179817,MtGox
2011-08-29,8.969,5.3662,49.332684,MtGox
2011-08-30,8.79134,5.3965,48.628528,MtGox
2011-08-31,8.19951,5.3561,45.01533,MtGox
2011-09-01,8.21,5.3798,45.272362,MtGox
2011-09-02,8.64,5.3851,47.690446,MtGox
2011-09-03,8.48,5.3851,46.807289,MtGox
2011-09-04,8.17798,5.3851,45.140221,MtGox
2011-09-05,7.61101,5.4315,42.372681,MtGox
2011-09-06,6.8628,5.388,37.901186,MtGox
2011-09-07,7.1864,5.3737,39.582997,MtGox
2011-09-08,6.53,5.382,36.023072,MtGox
2011-09-09,5.03,5.4509,28.103478,MtGox
2011-09-10,4.7739,5.4509,26.672603,MtGox
2011-09-11,5.86435,5.4509,32.765135,MtGox
2011-09-12,6.078,5.5584,34.628554,MtGox
2011-09-13,5.8,5.6632,33.667724,MtGox
2011-09-14,5.61932,5.6421,32.497385,MtGox
2011-09-15,4.84,5.6075,27.818808,MtGox
2011-09-16,4.82,5.6235,27.782902,MtGox
2011-09-17,4.77,5.6235,27.494697,MtGox
2011-09-18,5.2,5.6235,29.973255,MtGox
2011-09-19,5.46001,5.6748,31.759076,MtGox
2011-09-20,6.11191,5.6612,35.465764,MtGox
2011-09-21,5.6114,5.6886,32.719035,MtGox
2011-09-22,5.42781,5.8202,32.380713,MtGox
2011-09-23,5.54514,5.8716,33.372815,MtGox
2011-09-24,5.46829,5.8716,32.910302,MtGox
2011-09-25,5.33,5.8716,32.078019,MtGox
2011-09-26,4.86969,5.797,28.935333,MtGox
2011-09-27,4.9156,5.7368,28.904809,MtGox
2011-09-28,4.77247,5.7333,28.046052,MtGox
2011-09-29,4.77935,5.7606,28.220222,MtGox
2011-09-30,5.14009,5.8417,30.777535,MtGox
2011-10-01,5.03241,5.8417,30.132775,MtGox
2011-10-02,5.02701,5.8417,30.100441,MtGox
2011-10-03,5.02401,5.8723,30.240056,MtGox
2011-10-04,4.96,5.9449,30.223872,MtGox
2011-10-05,4.87,5.8563,29.233186,MtGox
2011-10-06,4.73443,5.8968,28.615936,MtGox
2011-10-07,4.2728,5.8062,25.42895,MtGox
2011-10-08,4.00753,5.8062,23.850234,MtGox
2011-10-09,4.10288,5.8062,24.417695,MtGox
2011-10-10,4.1,5.7401,24.12277,MtGox
2011-10-11,3.9308,5.7184,23.039834,MtGox
2011-10-12,4.15,5.6538,24.049852,MtGox
2011-10-13,4.04615,5.6509,23.435999,MtGox
2011-10-14,3.98791,5.6098,22.930662,MtGox
2011-10-15,3.84214,5.6098,22.092478,MtGox
2011-10-16,3.55701,5.6098,20.452968,MtGox
2011-10-17,2.55998,5.6127,14.72761,MtGox
2011-10-18,2.41901,5.6745,14.069839,MtGox
2011-10-19,2.27,5.5937,13.015141,MtGox
2011-10-20,2.34801,5.583,13.436663,MtGox
2011-10-21,2.57,5.5849,14.712023,MtGox
2011-10-22,3.1588,5.5849,18.082622,MtGox
2011-10-23,3.17,5.5849,18.146736,MtGox
2011-10-24,2.545,5.551,14.480477,MtGox
2011-10-25,2.77,5.522,15.678338,MtGox
2011-10-26,2.77302,5.5145,15.674114,MtGox
2011-10-27,3.04001,5.4538,16.994097,MtGox
2011-10-28,3.18999,5.4184,17.716758,MtGox
2011-10-29,3.58113,5.4184,19.889095,MtGox
2011-10-30,3.27,5.4184,18.161122,MtGox
2011-10-31,3.24801,5.5007,18.312987,MtGox
2011-11-01,3.15,5.6931,18.381597,MtGox
2011-11-02,3.25429,5.6184,18.741001,MtGox
2011-11-03,3.152,5.6059,18.111542,MtGox
2011-11-04,3.109,5.6371,17.963887,MtGox
2011-11-05,2.97002,5.6371,17.160857,MtGox
2011-11-06,2.95959,5.6371,17.100592,MtGox
2011-11-07,3.00677,5.6378,17.375357,MtGox
2011-11-08,3.03501,5.6027,17.429357,MtGox
2011-11-09,2.95001,5.6954,17.221524,MtGox
2011-11-10,2.83993,5.686,16.551538,MtGox
2011-11-11,3.08001,5.6791,17.928977,MtGox
2011-11-12,3.03099,5.6791,17.643628,MtGox
2011-11-13,2.99686,5.6791,17.444954,MtGox
2011-11-14,2.22,5.6768,12.917558,MtGox
2011-11-15,2.32896,5.7641,13.759967,MtGox
2011-11-16,2.56035,5.7794,15.167219,MtGox
2011-11-17,2.25,5.8016,13.37994,MtGox
2011-11-18,2.04999,5.7602,12.103561,MtGox
2011-11-19,2.19585,5.7602,12.964749,MtGox
2011-11-20,2.2,5.7602,12.989251,MtGox
2011-11-21,2.294,5.8259,13.69873,MtGox
2011-11-22,2.3289,5.7813,13.800671,MtGox
2011-11-23,2.33209,5.8404,13.960847,MtGox
2011-11-24,2.4321,5.8558,14.597938,MtGox
2011-11-25,2.50612,5.9234,15.21587,MtGox
2011-11-26,2.47003,5.9234,14.99675,MtGox
2011-11-27,2.47991,5.9234,15.056736,MtGox
2011-11-28,2.55,5.8702,15.343235,MtGox
2011-11-29,2.75019,5.8859,16.592027,MtGox
2011-11-30,2.9701,5.7781,17.590573,MtGox
2011-12-01,3.06,5.7686,18.093214,MtGox
2011-12-02,3.1151,5.7479,18.352915,MtGox
2011-12-03,2.794,5.7479,16.461123,MtGox
2011-12-04,2.82809,5.7479,16.661968,MtGox
2011-12-05,2.8798,5.7477,16.966032,MtGox
2011-12-06,3.03,5.7608,17.891605,MtGox
2011-12-07,2.99001,5.7513,17.626356,MtGox
2011-12-08,2.98,5.7301,17.50259,MtGox
2011-12-09,2.96999,5.736,17.461759,MtGox
2011-12-10,3.05,5.736,17.93217,MtGox
2011-12-11,3.2511,5.736,19.114517,MtGox
2011-12-12,3.135,5.812,18.676135,MtGox
2011-12-13,3.2499,5.8501,19.487546,MtGox
2011-12-14,3.15,5.9771,19.298562,MtGox
2011-12-15,3.2,5.9663,19.569464,MtGox
2011-12-16,3.2,5.9564,19.536992,MtGox
2011-12-17,3.2001,5.9564,19.537603,MtGox
2011-12-18,3.193,5.9564,19.494255,MtGox
2011-12-19,3.5202,5.9418,21.439232,MtGox
2011-12-20,3.95,5.8957,23.870215,MtGox
2011-12-21,3.89,5.9384,23.677885,MtGox
2011-12-22,3.8901,5.9508,23.727937,MtGox
2011-12-23,3.94678,5.96,24.110879,MtGox
2011-12-24,3.94,5.96,24.06946,MtGox
2011-12-25,4.225,5.96,25.810525,MtGox
2011-12-26,4.018,5.96,24.545962,MtGox
2011-12-27,4.06997,5.9641,24.880551,MtGox
2011-12-28,4.18552,5.9653,25.59208,MtGox
2011-12-29,4.166,6.0315,25.75541,MtGox
2011-12-30,4.248,5.9927,26.093414,MtGox
2011-12-31,4.72202,5.9927,29.00509,MtGox
2012-01-01,5.26766,5.9927,32.356694,MtGox
2012-01-02,5.21678,5.9946,32.054322,MtGox
2012-01-03,4.8808,5.9436,29.734761,MtGox
2012-01-04,5.57383,5.9473,33.97797,MtGox
2012-01-05,6.9476,5.987,42.635163,MtGox
2012-01-06,6.69693,6.007,41.23417,MtGox
2012-01-07,6.81,6.007,41.930362,MtGox
2012-01-08,7.11358,6.007,43.799557,MtGox
2012-01-09,6.3257,6.0159,39.006148,MtGox
2012-01-10,6.36,5.9771,38.964715,MtGox
2012-01-11,6.9,6.0155,42.544624,MtGox
2012-01-12,6.79999,6.0278,42.013704,MtGox
2012-01-13,6.41,6.0238,39.577872,MtGox
2012-01-14,6.75001,6.0238,41.677228,MtGox
2012-01-15,7.00177,6.0238,43.231694,MtGox
2012-01-16,6.68254,6.0545,41.470924,MtGox
2012-01-17,5.59998,5.9918,34.392809,MtGox
2012-01-18,5.92,6.0046,36.435913,MtGox
2012-01-19,6.35979,5.9345,38.685728,MtGox
2012-01-20,6.48979,5.9371,39.493796,MtGox
2012-01-21,6.18,5.9371,37.60856,MtGox
2012-01-22,6.3097,5.9371,38.397853,MtGox
2012-01-23,6.356,5.8881,38.360383,MtGox
2012-01-24,6.28978,5.8748,37.87498,MtGox
2012-01-25,5.75,5.9361,34.985889,MtGox
2012-01-26,5.34,5.817,31.839349,MtGox
2012-01-27,5.29199,5.8159,31.547127,MtGox
2012-01-28,5.62667,5.8159,33.542254,MtGox
2012-01-29,5.3809,5.8159,32.077146,MtGox
2012-01-30,5.49048,5.8589,32.972378,MtGox
2012-01-31,5.48379,5.8106,32.660713,MtGox
2012-02-01,6.07561,5.8095,36.178663,MtGox
2012-02-02,6.1,5.8408,36.519602,MtGox
2012-02-03,5.9593,5.8085,35.479959,MtGox
2012-02-04,5.87343,5.8085,34.968714,MtGox
2012-02-05,5.68881,5.8085,33.869539,MtGox
2012-02-06,5.45345,5.8216,32.5415,MtGox
2012-02-07,5.69,5.8129,33.902286,MtGox
2012-02-08,5.59998,5.7473,32.989384,MtGox
2012-02-09,5.83,5.742,34.312756,MtGox
2012-02-10,5.9126,5.776,35.004957,MtGox
2012-02-11,5.6005,5.776,33.1572,MtGox
2012-02-12,5.51468,5.776,32.649111,MtGox
2012-02-13,5.26,5.7122,30.797326,MtGox
2012-02-14,4.46292,5.7218,26.174334,MtGox
2012-02-15,4.3251,5.7505,25.493275,MtGox
2012-02-16,4.2739,5.8169,25.48237,MtGox
2012-02-17,4.41,5.6976,25.754576,MtGox
2012-02-18,4.22201,5.6976,24.656707,MtGox
2012-02-19,4.38669,5.6976,25.618445,MtGox
2012-02-20,4.36146,5.6445,25.233717,MtGox
2012-02-21,4.272,5.6875,24.904425,MtGox
2012-02-22,4.42474,5.6689,25.710494,MtGox
2012-02-23,5.015,5.6173,28.875028,MtGox
2012-02-24,5.0288,5.576,28.741604,MtGox
2012-02-25,4.77302,5.576,27.279719,MtGox
2012-02-26,4.922,5.576,28.131199,MtGox
2012-02-27,4.95598,5.6002,28.448341,MtGox
2012-02-28,4.86798,5.5597,27.741121,MtGox
2012-02-29,4.86001,5.5349,27.572161,MtGox
2012-03-01,4.9213,5.5758,28.126189,MtGox
2012-03-02,4.70499,5.6144,27.076088,MtGox
2012-03-03,4.61436,5.6144,26.554534,MtGox
2012-03-04,4.82001,5.6144,27.738001,MtGox
2012-03-05,4.98427,5.6127,28.674593,MtGox
2012-03-06,4.9901,5.6656,28.978708,MtGox
2012-03-07,4.93752,5.6768,28.730046,MtGox
2012-03-08,4.93016,5.6041,28.319837,MtGox
2012-03-09,4.86112,5.6554,28.178867,MtGox
2012-03-10,4.83315,5.6554,28.016731,MtGox
2012-03-11,4.91,5.6554,28.462214,MtGox
2012-03-12,4.89005,5.7013,28.576633,MtGox
2012-03-13,5.27,5.7069,30.827247,MtGox
2012-03-14,5.38,5.7778,31.861678,MtGox
2012-03-15,5.32656,5.795,31.639101,MtGox
2012-03-16,5.34388,5.7548,31.521785,MtGox
2012-03-17,5.2159,5.7548,30.766873,MtGox
2012-03-18,5.27943,5.7548,31.141615,MtGox
2012-03-19,4.6939,5.7418,27.625221,MtGox
2012-03-20,4.8379,5.763,28.577838,MtGox
2012-03-21,4.81488,5.7546,28.400401,MtGox
2012-03-22,4.7043,5.7902,27.919809,MtGox
2012-03-23,4.68596,5.768,27.704333,MtGox
2012-03-24,4.676,5.768,27.645447,MtGox
2012-03-25,4.55001,5.768,26.900569,MtGox
2012-03-26,4.61911,5.7314,27.135816,MtGox
2012-03-27,4.81125,5.6784,28.003207,MtGox
2012-03-28,4.788,5.7067,28.006772,MtGox
2012-03-29,4.80838,5.7505,28.341854,MtGox
2012-03-30,4.86,5.6933,28.361174,MtGox
2012-03-31,4.90873,5.6933,28.645544,MtGox
2012-04-01,4.827,5.6933,28.168598,MtGox
2012-04-02,4.974,5.669,28.902546,MtGox
2012-04-03,4.952,5.6778,28.819377,MtGox
2012-04-04,4.91008,5.7409,28.892985,MtGox
2012-04-05,4.919,5.7409,28.945474,MtGox
2012-04-06,4.94991,5.7409,29.127362,MtGox
2012-04-07,4.68715,5.7409,27.581171,MtGox
2012-04-08,4.79252,5.7409,28.201213,MtGox
2012-04-09,4.87191,5.7409,28.668377,MtGox
2012-04-10,4.83668,5.7812,28.66086,MtGox
2012-04-11,4.9279,5.7909,29.250401,MtGox
2012-04-12,4.91968,5.7858,29.175892,MtGox
2012-04-13,4.93999,5.7796,29.264945,MtGox
2012-04-14,4.9597,5.7796,29.381709,MtGox
2012-04-15,4.96892,5.7796,29.436329,MtGox
2012-04-16,4.93201,5.7993,29.317261,MtGox
2012-04-17,4.97587,5.7474,29.313273,MtGox
2012-04-18,5.1178,5.7683,30.259031,MtGox
2012-04-19,5.13766,5.7684,30.37698,MtGox
2012-04-20,5.35,5.7209,31.371985,MtGox
2012-04-21,5.26008,5.7209,30.844701,MtGox
2012-04-22,5.20352,5.7209,30.513038,MtGox
2012-04-23,4.95999,5.7566,29.266495,MtGox
2012-04-24,5.09822,5.7416,30.003738,MtGox
2012-04-25,5.13182,5.7266,30.122577,MtGox
2012-04-26,5.09762,5.7333,29.956839,MtGox
2012-04-27,5.10947,5.7359,30.040094,MtGox
2012-04-28,4.9794,5.7359,29.275374,MtGox
2012-04-29,4.90441,5.7359,28.834485,MtGox
2012-04-30,4.9491,5.742,29.128176,MtGox
2012-05-01,5.0,5.742,29.42775,MtGox
2012-05-02,5.07367,5.7517,29.911783,MtGox
2012-05-03,5.13438,5.746,30.239701,MtGox
2012-05-04,5.067,5.7577,29.903623,MtGox
2012-05-05,5.077,5.7577,29.962639,MtGox
2012-05-06,5.04991,5.7577,29.802763,MtGox
2012-05-07,5.06002,5.8033,30.098934,MtGox
2012-05-08,5.04997,5.8046,30.045882,MtGox
2012-05-09,5.0437,5.8402,30.192622,MtGox
2012-05-10,4.85,5.831,28.987359,MtGox
2012-05-11,4.96,5.8572,29.778005,MtGox
2012-05-12,4.94619,5.8572,29.695095,MtGox
2012-05-13,4.92996,5.8572,29.597656,MtGox
2012-05-14,5.00594,5.9018,30.282658,MtGox
2012-05-15,5.035,5.932,30.61431,MtGox
2012-05-16,5.0887,5.9829,31.206313,MtGox
2012-05-17,5.0998,5.9829,31.274383,MtGox
2012-05-18,5.11801,5.9724,31.330973,MtGox
2012-05-19,5.0995,5.9724,31.21766,MtGox
2012-05-20,5.09002,5.9724,31.159626,MtGox
2012-05-21,5.09977,5.9816,31.267404,MtGox
2012-05-22,5.09877,5.9301,30.992121,MtGox
2012-05-23,5.1397,5.9823,31.515908,MtGox
2012-05-24,5.11904,6.0014,31.489442,MtGox
2012-05-25,5.14546,6.0187,31.743205,MtGox
2012-05-26,5.10324,6.0187,31.482742,MtGox
2012-05-27,5.13896,6.0187,31.703105,MtGox
2012-05-28,5.1358,6.0187,31.68361,MtGox
2012-05-29,5.14997,6.0054,31.700821,MtGox
2012-05-30,5.135,6.0416,31.799206,MtGox
2012-05-31,5.18011,6.0659,32.20758,MtGox
2012-06-01,5.27481,6.1471,33.235404,MtGox
2012-06-02,5.24898,6.1471,33.072655,MtGox
2012-06-03,5.2051,6.1471,32.796177,MtGox
2012-06-04,5.26599,6.1132,32.996851,MtGox
2012-06-05,5.44001,6.1103,34.071095,MtGox
2012-06-06,5.46001,6.0925,34.096739,MtGox
2012-06-07,5.591,6.025,34.527919,MtGox
2012-06-08,5.633,6.0952,35.192618,MtGox
2012-06-09,5.55997,6.0952,34.736357,MtGox
2012-06-10,5.46829,6.0952,34.163579,MtGox
2012-06-11,5.57471,6.0236,34.419319,MtGox
2012-06-12,5.70003,6.0411,35.295313,MtGox
2012-06-13,5.929,5.9929,36.420202,MtGox
2012-06-14,5.9541,5.9812,36.502979,MtGox
2012-06-15,6.5,5.9733,39.797111,MtGox
2012-06-16,6.4,5.9733,39.184848,MtGox
2012-06-17,6.16382,5.9733,37.738805,MtGox
2012-06-18,6.30998,5.9645,38.576773,MtGox
2012-06-19,6.49876,5.9569,39.680275,MtGox
2012-06-20,6.67,5.9084,40.394254,MtGox
2012-06-21,6.68008,5.9163,40.509391,MtGox
2012-06-22,6.54781,5.9706,40.071713,MtGox
2012-06-23,6.4285,5.9706,39.341552,MtGox
2012-06-24,6.35002,5.9706,38.861265,MtGox
2012-06-25,6.30482,6.0042,38.801785,MtGox
2012-06-26,6.4195,6.0116,39.556253,MtGox
2012-06-27,6.647,6.029,41.076632,MtGox
2012-06-28,6.60588,6.0771,41.148208,MtGox
2012-06-29,6.65,5.9833,40.783669,MtGox
2012-06-30,6.68999,5.9833,41.028923,MtGox
2012-07-01,6.62898,5.9833,40.654755,MtGox
2012-07-02,6.75999,5.9759,41.40695,MtGox
2012-07-03,6.44993,5.9797,39.532863,MtGox
2012-07-04,6.5101,5.9845,39.933686,MtGox
2012-07-05,6.67,6.0164,41.132623,MtGox
2012-07-06,6.64811,6.075,41.39695,MtGox
2012-07-07,6.76207,6.075,42.106565,MtGox
2012-07-08,6.79898,6.075,42.336399,MtGox
2012-07-09,7.0215,6.0982,43.888974,MtGox
2012-07-10,7.1999,6.094,44.973095,MtGox
2012-07-11,7.15,6.0967,44.68119,MtGox
2012-07-12,7.76437,6.1348,48.823679,MtGox
2012-07-13,7.6651,6.1067,47.978678,MtGox
2012-07-14,7.5421,6.1067,47.208776,MtGox
2012-07-15,7.62101,6.1067,47.702702,MtGox
2012-07-16,8.4996,6.1201,53.318862,MtGox
2012-07-17,8.80001,6.0866,54.901194,MtGox
2012-07-18,9.10977,6.1162,57.110105,MtGox
2012-07-19,8.86999,6.0857,55.329601,MtGox
2012-07-20,8.52,6.0844,53.135065,MtGox
2012-07-21,8.84553,6.0844,55.165236,MtGox
2012-07-22,8.4096,6.0844,52.446554,MtGox
2012-07-23,8.44565,6.0975,52.784785,MtGox
2012-07-24,8.6,6.0981,53.754751,MtGox
2012-07-25,8.8,6.0734,54.782068,MtGox
2012-07-26,8.9,6.0351,55.0552,MtGox
2012-07-27,8.9,6.0672,55.348032,MtGox
2012-07-28,8.8881,6.0672,55.274027,MtGox
2012-07-29,8.71027,6.0672,54.168124,MtGox
2012-07-30,9.098,6.0608,56.519687,MtGox
2012-07-31,9.35,6.0416,57.901184,MtGox
2012-08-01,9.5503,6.005,58.78329,MtGox
2012-08-02,10.53,5.9975,64.732517,MtGox
2012-08-03,10.97,6.0188,67.676892,MtGox
2012-08-04,10.98398,6.0188,67.763138,MtGox
2012-08-05,10.86998,6.0188,67.059842,MtGox
2012-08-06,10.85517,5.9734,66.463329,MtGox
2012-08-07,11.1,5.9163,67.312703,MtGox
2012-08-08,11.0553,5.9209,67.093759,MtGox
2012-08-09,11.0611,5.9308,67.241201,MtGox
2012-08-10,11.38637,5.9289,69.196365,MtGox
2012-08-11,11.5102,5.9289,69.948895,MtGox
2012-08-12,11.62399,5.9289,70.640411,MtGox
2012-08-13,12.03749,5.9215,73.061997,MtGox
2012-08-14,12.19,5.9108,73.853968,MtGox
2012-08-15,13.25,5.9429,80.712011,MtGox
2012-08-16,13.5,5.9752,82.68183,MtGox
2012-08-17,11.5836,5.9411,70.539809,MtGox
2012-08-18,11.61,5.9411,70.700575,MtGox
2012-08-19,8.0,5.9411,48.71702,MtGox
2012-08-20,10.1,5.9455,61.550789,MtGox
2012-08-21,9.91502,5.8927,59.886894,MtGox
2012-08-22,9.80679,5.9062,59.368885,MtGox
2012-08-23,10.09997,5.8485,60.546416,MtGox
2012-08-24,10.6,5.8383,63.43313,MtGox
2012-08-25,10.5239,5.8383,62.977728,MtGox
2012-08-26,10.61,5.8383,63.492972,MtGox
2012-08-27,10.95,5.822,65.344672,MtGox
2012-08-28,10.94,5.8097,65.147071,MtGox
2012-08-29,10.9169,5.829,65.225475,MtGox
2012-08-30,10.77699,5.8016,64.08688,MtGox
2012-08-31,10.16,5.7827,60.221038,MtGox
2012-09-01,9.96544,5.7827,59.067829,MtGox
2012-09-02,10.2041,5.7827,60.48243,MtGox
2012-09-03,10.53,5.8096,62.704465,MtGox
2012-09-04,10.38471,5.7946,61.679622,MtGox
2012-09-05,10.99971,5.8093,65.498131,MtGox
2012-09-06,11.181,5.8336,66.856119,MtGox
2012-09-07,11.0,5.8028,65.42657,MtGox
2012-09-08,11.037,5.8028,65.646641,MtGox
2012-09-09,11.02,5.8028,65.545527,MtGox
2012-09-10,11.17,5.7843,66.225897,MtGox
2012-09-11,11.33081,5.7785,67.111963,MtGox
2012-09-12,11.36489,5.7436,66.907267,MtGox
2012-09-13,11.399,5.7467,67.144299,MtGox
2012-09-14,11.67,5.6728,67.856615,MtGox
2012-09-15,11.75,5.6728,68.321785,MtGox
2012-09-16,11.87,5.6728,69.019539,MtGox
2012-09-17,11.89,5.7103,69.592854,MtGox
2012-09-18,12.25,5.7189,71.807938,MtGox
2012-09-19,12.5725,5.7157,73.657154,MtGox
2012-09-20,12.28253,5.7372,72.229014,MtGox
2012-09-21,12.368,5.7141,72.438789,MtGox
2012-09-22,12.23781,5.7141,71.676272,MtGox
2012-09-23,12.19331,5.7141,71.415637,MtGox
2012-09-24,12.1,5.758,71.413595,MtGox
2012-09-25,12.197,5.7222,71.538515,MtGox
2012-09-26,12.27,5.7633,72.483583,MtGox
2012-09-27,12.30889,5.7325,72.32473,MtGox
2012-09-28,12.39101,5.6995,72.388126,MtGox
2012-09-29,12.36309,5.6995,72.225017,MtGox
2012-09-30,12.4,5.6995,72.440645,MtGox
2012-10-01,12.4,5.7296,72.823216,MtGox
2012-10-02,12.84,5.7022,75.046654,MtGox
2012-10-03,12.89,5.7436,75.885879,MtGox
2012-10-04,12.85,5.7359,75.548973,MtGox
2012-10-05,12.688,5.6864,73.952769,MtGox
2012-10-06,12.505,5.6864,72.886143,MtGox
2012-10-07,11.80001,5.6864,68.777066,MtGox
2012-10-08,11.77809,5.7123,68.961983,MtGox
2012-10-09,11.895,5.7168,69.701369,MtGox
2012-10-10,12.12,5.7402,71.310505,MtGox
2012-10-11,12.03,5.7149,70.469003,MtGox
2012-10-12,12.0,5.7059,70.18257,MtGox
2012-10-13,11.86101,5.7059,69.36968,MtGox
2012-10-14,11.7389,5.7059,68.655514,MtGox
2012-10-15,11.83807,5.7127,69.318026,MtGox
2012-10-16,11.8499,5.6653,68.811569,MtGox
2012-10-17,11.81,5.6372,68.239715,MtGox
2012-10-18,11.93977,5.6236,68.823103,MtGox
2012-10-19,11.74012,5.6647,68.166864,MtGox
2012-10-20,11.73991,5.6647,68.165645,MtGox
2012-10-21,11.63107,5.6647,67.533685,MtGox
2012-10-22,11.71012,5.6545,67.870245,MtGox
2012-10-23,11.65,5.7032,68.103337,MtGox
2012-10-24,11.64999,5.7449,68.601228,MtGox
2012-10-25,10.86158,5.7427,63.934165,MtGox
2012-10-26,10.17061,5.7852,60.309988,MtGox
2012-10-27,10.26051,5.7852,60.84308,MtGox
2012-10-28,10.69998,5.7852,63.449062,MtGox
2012-10-29,10.59999,5.7776,62.773565,MtGox
2012-10-30,10.88753,5.7383,64.037811,MtGox
2012-10-31,11.201,5.6842,65.260442,MtGox
2012-11-01,10.57,5.6805,61.543957,MtGox
2012-11-02,10.46877,5.7047,61.214222,MtGox
2012-11-03,10.6425,5.7047,62.230076,MtGox
2012-11-04,10.80011,5.7047,63.151672,MtGox
2012-11-05,10.748,5.7467,63.30967,MtGox
2012-11-06,10.89899,5.7203,63.90413,MtGox
2012-11-07,10.92,5.7426,64.276922,MtGox
2012-11-08,10.925,5.7334,64.20333,MtGox
2012-11-09,10.815,5.7519,63.761968,MtGox
2012-11-10,10.88999,5.7519,64.204087,MtGox
2012-11-11,10.8687,5.7519,64.078567,MtGox
2012-11-12,11.00801,5.7346,64.704697,MtGox
2012-11-13,10.9512,5.7703,64.771502,MtGox
2012-11-14,10.95,5.7536,64.576968,MtGox
2012-11-15,11.19771,5.7694,66.21917,MtGox
2012-11-16,11.74889,5.7823,69.633997,MtGox
2012-11-17,11.78889,5.7823,69.871071,MtGox
2012-11-18,11.65152,5.7823,69.056899,MtGox
2012-11-19,11.7999,5.7761,69.861337,MtGox
2012-11-20,11.73281,5.7264,68.866432,MtGox
2012-11-21,11.76999,5.7212,69.021928,MtGox
2012-11-22,12.42191,5.6814,72.338185,MtGox
2012-11-23,12.34501,5.6774,71.839749,MtGox
2012-11-24,12.41153,5.6774,72.226851,MtGox
2012-11-25,12.4821,5.6774,72.637521,MtGox
2012-11-26,12.24546,5.6595,71.03576,MtGox
2012-11-27,12.2,5.6766,70.985883,MtGox
2012-11-28,12.34769,5.6951,72.079363,MtGox
2012-11-29,12.45,5.6565,72.184011,MtGox
2012-11-30,12.565,5.68,73.15343,MtGox
2012-12-01,12.56201,5.68,73.136022,MtGox
2012-12-02,12.50004,5.68,72.775233,MtGox
2012-12-03,12.67899,5.6284,73.146488,MtGox
2012-12-04,13.41,5.6114,77.130096,MtGox
2012-12-05,13.38,5.6303,77.216749,MtGox
2012-12-06,13.29899,5.612,76.49978,MtGox
2012-12-07,13.4999,5.6804,78.601953,MtGox
2012-12-08,13.42007,5.6804,78.13715,MtGox
2012-12-09,13.388,5.6804,77.950425,MtGox
2012-12-10,13.43335,5.6651,78.003803,MtGox
2012-12-11,13.55703,5.6473,78.474631,MtGox
2012-12-12,13.6989,5.6208,78.923747,MtGox
2012-12-13,13.7001,5.6072,78.739681,MtGox
2012-12-14,13.60004,5.6353,78.556313,MtGox
2012-12-15,13.49011,5.6353,77.921337,MtGox
2012-12-16,13.30002,5.6353,76.823343,MtGox
2012-12-17,13.25005,5.6007,76.064794,MtGox
2012-12-18,13.29899,5.604,76.390728,MtGox
2012-12-19,13.599,5.5447,77.287435,MtGox
2012-12-20,13.52463,5.5598,77.074094,MtGox
2012-12-21,13.49998,5.5383,76.636113,MtGox
2012-12-22,13.37136,5.5383,75.905968,MtGox
2012-12-23,13.31202,5.5383,75.569109,MtGox
2012-12-24,13.38001,5.5383,75.955072,MtGox
2012-12-25,13.35001,5.5383,75.784769,MtGox
2012-12-26,13.46786,5.5383,76.453775,MtGox
2012-12-27,13.42174,5.5601,76.491872,MtGox
2012-12-28,13.42119,5.5659,76.568526,MtGox
2012-12-29,13.4,5.5659,76.447636,MtGox
2012-12-30,13.45001,5.5659,76.732946,MtGox
2012-12-31,13.51001,5.5664,77.082173,MtGox
2013-01-01,13.30413,5.5664,75.907512,MtGox
2013-01-02,13.27999,5.5176,75.105515,MtGox
2013-01-03,13.39786,5.5652,76.425815,MtGox
2013-01-04,13.5,5.6094,77.620072,MtGox
2013-01-05,13.44,5.6094,77.275094,MtGox
2013-01-06,13.45395,5.6094,77.355302,MtGox
2013-01-07,13.58755,5.6032,78.037104,MtGox
2013-01-08,13.74275,5.598,78.855212,MtGox
2013-01-09,13.77001,5.6104,79.186646,MtGox
2013-01-10,14.13999,5.5655,80.663517,MtGox
2013-01-11,14.13701,5.5364,80.224846,MtGox
2013-01-12,14.23699,5.5364,80.792213,MtGox
2013-01-13,14.11601,5.5364,80.105675,MtGox
2013-01-14,14.30002,5.5187,80.890458,MtGox
2013-01-15,14.25003,5.5523,81.098453,MtGox
2013-01-16,14.73,5.5886,84.37808,MtGox
2013-01-17,15.50001,5.5397,88.012041,MtGox
2013-01-18,15.70499,5.5989,90.128935,MtGox
2013-01-19,15.615,5.5989,89.612494,MtGox
2013-01-20,15.7,5.5989,90.100298,MtGox
2013-01-21,16.8,5.5873,96.213306,MtGox
2013-01-22,17.26142,5.5883,98.873543,MtGox
2013-01-23,17.50004,5.5525,99.598196,MtGox
2013-01-24,16.89596,5.5536,96.179239,MtGox
2013-01-25,17.40001,5.5119,98.304793,MtGox
2013-01-26,17.88,5.5119,101.016591,MtGox
2013-01-27,17.81821,5.5119,100.667496,MtGox
2013-01-28,18.72101,5.5356,106.222824,MtGox
2013-01-29,19.52538,5.517,110.414559,MtGox
2013-01-30,19.70001,5.4907,110.871016,MtGox
2013-01-31,20.41001,5.4871,114.79156,MtGox
2013-02-01,20.49897,5.4438,114.3821,MtGox
2013-02-02,19.63001,5.4438,109.533395,MtGox
2013-02-03,20.59,5.4438,114.890038,MtGox
2013-02-04,20.43005,5.4807,114.770249,MtGox
2013-02-05,20.60001,5.4768,115.642688,MtGox
2013-02-06,21.18,5.4916,119.21989,MtGox
2013-02-07,22.15,5.4887,124.614073,MtGox
2013-02-08,22.66,5.5264,128.35893,MtGox
2013-02-09,23.65,5.5264,133.966844,MtGox
2013-02-10,23.96975,5.5264,135.778087,MtGox
2013-02-11,24.65,5.5108,139.23725,MtGox
2013-02-12,25.16975,5.4971,141.819649,MtGox
2013-02-13,24.2,5.4681,135.63622,MtGox
2013-02-14,27.2205,5.523,154.097292,MtGox
2013-02-15,27.1,5.5493,154.145681,MtGox
2013-02-16,27.21584,5.5493,154.804582,MtGox
2013-02-17,26.8146,5.5493,152.522316,MtGox
2013-02-18,26.95,5.5475,153.242753,MtGox
2013-02-19,29.41759,5.5562,167.536264,MtGox
2013-02-20,29.64501,5.5396,168.327035,MtGox
2013-02-21,29.74768,5.6693,172.864735,MtGox
2013-02-22,30.24539,5.6628,175.555434,MtGox
2013-02-23,29.79999,5.6628,172.970168,MtGox
2013-02-24,29.88999,5.6628,173.492561,MtGox
2013-02-25,30.39999,5.613,174.901022,MtGox
2013-02-26,31.1,5.7043,181.838823,MtGox
2013-02-27,30.9012,5.7013,180.581437,MtGox
2013-02-28,33.38,5.7026,195.111608,MtGox
2013-03-01,34.5,5.7581,203.620811,MtGox
2013-03-02,34.25,5.7581,202.145298,MtGox
2013-03-03,34.49999,5.7581,203.620752,MtGox
2013-03-04,36.152,5.7242,212.11481,MtGox
2013-03-05,40.33,5.7081,235.962865,MtGox
2013-03-06,41.0201,5.6962,239.500161,MtGox
2013-03-07,41.99999,5.7006,245.410772,MtGox
2013-03-08,44.17999,5.6864,257.505723,MtGox
2013-03-09,46.85,5.6864,273.068036,MtGox
2013-03-10,46.0,5.6864,268.11376,MtGox
2013-03-11,48.39999,5.7246,283.997347,MtGox
2013-03-12,44.28994,5.7041,258.950103,MtGox
2013-03-13,46.92002,5.7338,275.755761,MtGox
2013-03-14,47.1696,5.8221,281.491781,MtGox
2013-03-15,46.95,5.7562,277.00993,MtGox
2013-03-16,47.00019,5.7562,277.306056,MtGox
2013-03-17,47.4,5.7562,279.664977,MtGox
2013-03-18,51.60001,5.8021,306.873128,MtGox
2013-03-19,59.14001,5.81,352.193545,MtGox
2013-03-20,64.4888,5.8285,385.269795,MtGox
2013-03-21,70.85,5.8466,424.5874,MtGox
2013-03-22,69.86501,5.8229,416.987391,MtGox
2013-03-23,64.35,5.8229,384.071205,MtGox
2013-03-24,71.5,5.8229,426.745784,MtGox
2013-03-25,73.6,5.8315,439.92836,MtGox
2013-03-26,78.5,5.8296,469.06419,MtGox
2013-03-27,88.92,5.8256,530.962661,MtGox
2013-03-28,86.18,5.8256,514.601463,MtGox
2013-03-29,90.5,5.8256,540.39722,MtGox
2013-03-30,92.19003,5.8256,550.488795,MtGox
2013-03-31,93.03001,5.8256,555.504517,MtGox
2013-04-01,104.0,5.8256,621.00896,MtGox
2013-04-02,117.98,5.8154,703.253414,MtGox
2013-04-03,135.0,5.8049,803.253038,MtGox
2013-04-04,132.12001,5.8114,786.997282,MtGox
2013-04-05,142.32356,5.7536,839.344656,MtGox
2013-04-06,142.63112,5.7536,841.158472,MtGox
2013-04-07,162.30102,5.7536,957.160527,MtGox
2013-04-08,187.5,5.7237,1100.023594,MtGox
2013-04-09,230.0,5.7408,1353.3936,MtGox
2013-04-10,165.0,5.7359,970.084087,MtGox
2013-04-11,124.9,5.6994,729.651436,MtGox
2013-04-12,117.0,5.7325,687.470062,MtGox
2013-04-13,93.0,5.7325,546.450562,MtGox
2013-04-14,89.99999,5.7325,528.823066,MtGox
2013-04-15,82.38601,5.7339,484.202971,MtGox
2013-04-16,68.35568,5.7293,401.420952,MtGox
2013-04-17,93.07,5.7544,548.951058,MtGox
2013-04-18,109.01,5.816,649.852214,MtGox
2013-04-19,118.48,5.7922,703.416352,MtGox
2013-04-20,126.61552,5.7922,751.716975,MtGox
2013-04-21,119.2,5.7922,707.690996,MtGox
2013-04-22,127.39999,5.8365,762.159293,MtGox
2013-04-23,143.475,5.9103,869.1798,MtGox
2013-04-24,154.2,5.9034,933.061887,MtGox
2013-04-25,141.71002,5.8513,849.917536,MtGox
2013-04-26,136.90001,5.8631,822.72491,MtGox
2013-04-27,128.00011,5.8631,769.239381,MtGox
2013-04-28,134.44444,5.8631,807.967726,MtGox
2013-04-29,143.99991,5.8026,856.463225,MtGox
2013-04-30,139.2269,5.8197,830.51526,MtGox
2013-05-01,116.37999,5.8197,694.229043,MtGox
2013-05-02,106.25,5.7513,626.352516,MtGox
2013-05-03,98.1,5.8011,583.315108,MtGox
2013-05-04,112.9,5.8011,671.317795,MtGox
2013-05-05,115.98,5.8011,689.631867,MtGox
2013-05-06,112.25,5.8167,669.247689,MtGox
2013-05-07,109.60013,5.8286,654.785701,MtGox
2013-05-08,113.2,5.7792,670.560576,MtGox
2013-05-09,112.799,5.7792,668.18518,MtGox
2013-05-10,117.7,5.7946,699.07503,MtGox
2013-05-11,115.64,5.7946,686.839733,MtGox
2013-05-12,114.82002,5.7946,681.96949,MtGox
2013-05-13,117.97968,5.8067,702.199423,MtGox
2013-05-14,111.4,5.8107,663.49478,MtGox
2013-05-15,114.22,5.8625,686.355119,MtGox
2013-05-16,118.21,5.8464,708.380518,MtGox
2013-05-17,123.49997,5.8464,740.08098,MtGox
2013-05-18,123.211,5.8464,738.34931,MtGox
2013-05-19,122.5,5.8464,734.0886,MtGox
2013-05-20,122.02,5.8464,731.212171,MtGox
2013-05-21,122.89001,5.8344,734.914211,MtGox
2013-05-22,123.8,5.7765,733.008968,MtGox
2013-05-23,126.3,5.8457,756.769708,MtGox
2013-05-24,133.1,5.8185,793.803409,MtGox
2013-05-25,131.986,5.8185,787.159555,MtGox
2013-05-26,133.5,5.8185,796.188994,MtGox
2013-05-27,129.76999,5.8335,775.938568,MtGox
2013-05-28,128.99996,5.8378,771.902866,MtGox
2013-05-29,132.25,5.8678,795.416964,MtGox
2013-05-30,128.79901,5.8861,777.076949,MtGox
2013-05-31,128.81505,5.8542,772.961792,MtGox
2013-06-01,129.3,5.8542,775.871761,MtGox
2013-06-02,122.5,5.8542,735.067988,MtGox
2013-06-03,120.73716,5.8403,722.769766,MtGox
2013-06-04,121.39997,5.8032,722.121014,MtGox
2013-06-05,121.90001,5.82,727.19451,MtGox
2013-06-06,118.9699,5.7791,704.727423,MtGox
2013-06-07,111.0,5.7545,654.718238,MtGox
2013-06-08,107.89242,5.7545,636.388604,MtGox
2013-06-09,100.43743,5.7545,592.416371,MtGox
2013-06-10,106.35001,5.7627,628.184783,MtGox
2013-06-11,109.0,5.7907,646.965958,MtGox
2013-06-12,108.77592,5.7731,643.67362,MtGox
2013-06-13,103.949,5.7657,614.322218,MtGox
2013-06-14,100.0,5.7434,588.6985,MtGox
2013-06-15,99.8,5.7434,587.521103,MtGox
2013-06-16,99.9,5.7434,588.109802,MtGox
2013-06-17,101.95,5.7243,598.182195,MtGox
2013-06-18,107.34998,5.7526,632.980032,MtGox
2013-06-19,108.251,5.7262,635.363548,MtGox
2013-06-20,111.29,5.947,678.387671,MtGox
2013-06-21,109.5,6.0008,673.51479,MtGox
2013-06-22,108.2,6.0008,665.518724,MtGox
2013-06-23,107.90001,6.0008,663.67354,MtGox
2013-06-24,102.09,6.144,642.921984,MtGox
2013-06-25,103.32933,6.0758,643.503552,MtGox
2013-06-26,104.0,6.1018,650.45188,MtGox
2013-06-27,101.73678,6.0474,630.624078,MtGox
2013-06-28,94.66,6.0279,584.866039,MtGox
2013-06-29,94.999,6.0279,586.960584,MtGox
2013-06-30,97.51,6.0279,602.475042,MtGox
2013-07-01,88.05,6.0585,546.787198,MtGox
2013-07-02,90.40502,6.0844,563.811811,MtGox
2013-07-03,78.89,6.1235,495.159988,MtGox
2013-07-04,80.03565,6.1114,501.358118,MtGox
2013-07-05,68.50001,6.1729,433.414805,MtGox
2013-07-06,69.655,6.1729,440.722683,MtGox
2013-07-07,76.5,6.1729,484.032521,MtGox
2013-07-08,76.00003,6.1984,482.855551,MtGox
2013-07-09,76.7,6.1445,483.065229,MtGox
2013-07-10,88.0,6.1305,552.9711,MtGox
2013-07-11,88.97901,6.0787,554.398626,MtGox
2013-07-12,93.98994,6.071,584.878249,MtGox
2013-07-13,98.32,6.071,611.823238,MtGox
2013-07-14,94.41986,6.071,587.553544,MtGox
2013-07-15,98.89028,6.0951,617.814799,MtGox
2013-07-16,97.1,6.0173,598.886826,MtGox
2013-07-17,98.50001,5.9969,605.462078,MtGox
2013-07-18,90.06889,5.9982,553.757496,MtGox
2013-07-19,92.0,5.9864,564.51752,MtGox
2013-07-20,89.82138,5.9864,551.149377,MtGox
2013-07-21,91.998,5.9864,564.505248,MtGox
2013-07-22,91.601,5.9418,557.881692,MtGox
2013-07-23,95.55851,5.9302,580.848103,MtGox
2013-07-24,95.08999,5.8769,572.805221,MtGox
2013-07-25,96.95,5.9275,589.037903,MtGox
2013-07-26,96.02015,5.9306,583.693529,MtGox
2013-07-27,94.4,5.9306,573.844856,MtGox
2013-07-28,98.78002,5.9306,600.470406,MtGox
2013-07-29,101.484,5.9235,616.168986,MtGox
2013-07-30,107.96,5.9259,655.754168,MtGox
2013-07-31,106.21188,5.925,645.038024,MtGox
2013-08-01,104.0,5.9191,630.97606,MtGox
2013-08-02,104.50102,5.9574,638.118236,MtGox
2013-08-03,104.95,5.9574,640.859858,MtGox
2013-08-04,105.12,5.9574,641.897935,MtGox
2013-08-05,106.72001,5.9252,648.145838,MtGox
2013-08-06,106.55641,5.9194,646.518764,MtGox
2013-08-07,105.98993,5.9372,645.015498,MtGox
2013-08-08,103.05,5.9012,623.321626,MtGox
2013-08-09,102.8,5.8454,615.929798,MtGox
2013-08-10,102.99999,5.8454,617.128045,MtGox
2013-08-11,105.0,5.8454,629.111175,MtGox
2013-08-12,106.81349,5.8799,643.753956,MtGox
2013-08-13,109.6,5.8661,658.997674,MtGox
2013-08-14,112.56205,5.8997,680.684385,MtGox
2013-08-15,109.99497,5.8987,665.048013,MtGox
2013-08-16,108.99438,5.9232,661.735399,MtGox
2013-08-17,112.75,5.9232,684.53682,MtGox
2013-08-18,113.38,5.9232,688.361726,MtGox
2013-08-19,118.50203,5.9233,719.471151,MtGox
2013-08-20,121.20001,5.9633,740.82082,MtGox
2013-08-21,123.30002,6.0173,760.481541,MtGox
2013-08-22,121.99994,6.0966,762.379455,MtGox
2013-08-23,118.51002,6.0607,736.21002,MtGox
2013-08-24,119.60255,6.0607,742.997054,MtGox
2013-08-25,122.11102,6.0607,758.580215,MtGox
2013-08-26,120.07,6.0497,744.547166,MtGox
2013-08-27,131.295,6.0196,810.101967,MtGox
2013-08-28,128.76,6.0381,796.9024,MtGox
2013-08-29,129.30034,6.0674,804.129805,MtGox
2013-08-30,138.03002,6.113,864.87195,MtGox
2013-08-31,141.0,6.113,883.481325,MtGox
2013-09-01,146.01003,6.113,914.873296,MtGox
2013-09-02,144.0,6.0646,895.13496,MtGox
2013-09-03,144.0,6.0742,896.55192,MtGox
2013-09-04,132.51,6.0766,825.340523,MtGox
2013-09-05,130.20002,6.096,813.541805,MtGox
2013-09-06,121.9,6.1005,762.242224,MtGox
2013-09-07,128.99496,6.1005,806.607097,MtGox
2013-09-08,126.31501,6.1005,789.849336,MtGox
2013-09-09,133.1,6.08,829.4792,MtGox
2013-09-10,132.61636,5.9373,807.067692,MtGox
2013-09-11,142.1,5.9165,861.753016,MtGox
2013-09-12,139.35499,5.9108,844.291962,MtGox
2013-09-13,140.66,5.9191,853.395121,MtGox
2013-09-14,136.7149,5.9191,829.459894,MtGox
2013-09-15,138.3002,5.9191,839.078032,MtGox
2013-09-16,139.41938,5.9085,844.353392,MtGox
2013-09-17,139.15001,5.8891,839.955032,MtGox
2013-09-18,140.41238,5.9104,850.640664,MtGox
2013-09-19,135.05037,5.7896,801.434813,MtGox
2013-09-20,133.80726,5.9246,812.573355,MtGox
2013-09-21,134.38,5.9246,816.051442,MtGox
2013-09-22,134.00001,5.9246,813.743871,MtGox
2013-09-23,133.4,5.9009,806.859561,MtGox
2013-09-24,134.7788,5.9526,822.341392,MtGox
2013-09-25,135.0,6.0227,833.391112,MtGox
2013-09-26,137.10002,5.9727,839.328722,MtGox
2013-09-27,138.93,5.9858,852.397374,MtGox
2013-09-28,142.5,5.9858,874.300912,MtGox
2013-09-29,143.88402,5.9858,882.792491,MtGox
2013-09-30,141.8965,6.0081,873.841571,MtGox
2013-10-01,140.3,5.999,862.701192,MtGox
2013-10-02,123.0,6.017,758.593275,MtGox
2013-10-03,130.98925,5.9651,800.898075,MtGox
2013-10-04,136.82222,5.9696,837.193273,MtGox
2013-10-05,136.69511,5.9696,836.415507,MtGox
2013-10-06,137.8,5.9696,843.176152,MtGox
2013-10-07,135.80001,5.9881,833.513641,MtGox
2013-10-08,136.50002,5.9532,832.927217,MtGox
2013-10-09,139.5,6.0007,858.025091,MtGox
2013-10-10,140.41013,6.0523,871.049336,MtGox
2013-10-11,140.1,5.9918,860.437459,MtGox
2013-10-12,142.89995,5.9918,877.633618,MtGox
2013-10-13,147.53,5.9918,906.06951,MtGox
2013-10-14,151.38003,5.9957,930.319977,MtGox
2013-10-15,158.1,6.0165,974.988866,MtGox
2013-10-16,152.83,5.9999,939.888835,MtGox
2013-10-17,157.60001,5.9398,959.515353,MtGox
2013-10-18,168.3,5.9182,1020.933886,MtGox
2013-10-19,183.17999,5.9182,1111.198212,MtGox
2013-10-20,186.12,5.9182,1129.032769,MtGox
2013-10-21,192.795,5.9208,1170.038152,MtGox
2013-10-22,203.0,5.9481,1237.650908,MtGox
2013-10-23,228.0,5.9162,1382.61594,MtGox
2013-10-24,206.995,5.8827,1248.131724,MtGox
2013-10-25,197.90999,5.9062,1198.118383,MtGox
2013-10-26,188.56002,5.9062,1141.51502,MtGox
2013-10-27,207.0001,5.9062,1253.14859,MtGox
2013-10-28,206.9,5.8981,1250.824812,MtGox
2013-10-29,216.0,5.8974,1305.68436,MtGox
2013-10-30,208.0,5.8742,1252.37944,MtGox
2013-10-31,211.1714,5.9409,1285.911875,MtGox
2013-11-01,213.5,5.9578,1303.790057,MtGox
2013-11-02,211.70001,5.9578,1292.797978,MtGox
2013-11-03,224.01001,5.9578,1367.972009,MtGox
2013-11-04,238.19039,5.9355,1449.123536,MtGox
2013-11-05,251.3,5.9671,1537.020536,MtGox
2013-11-06,264.1,5.9558,1612.24995,MtGox
2013-11-07,309.659,5.9978,1903.704569,MtGox
2013-11-08,355.0,6.087,2214.907125,MtGox
2013-11-09,367.8,6.087,2294.768565,MtGox
2013-11-10,336.33101,6.087,2098.428029,MtGox
2013-11-11,363.0,6.127,2279.703525,MtGox
2013-11-12,380.1,6.1789,2407.314887,MtGox
2013-11-13,434.87999,6.2154,2770.526917,MtGox
2013-11-14,433.4,6.2005,2754.479117,MtGox
2013-11-15,434.0,6.1319,2727.775715,MtGox
2013-11-16,461.9999,6.1319,2903.760616,MtGox
2013-11-17,528.31991,6.1319,3320.594978,MtGox
2013-11-18,785.50007,6.1171,4925.10704,MtGox
2013-11-19,645.71675,6.0943,4033.571379,MtGox
2013-11-20,638.0,6.0826,3977.71627,MtGox
2013-11-21,765.10001,6.0915,4777.121879,MtGox
2013-11-22,802.0,6.0708,4990.50114,MtGox
2013-11-23,832.524,6.0708,5180.438867,MtGox
2013-11-24,795.0,6.0708,4946.94315,MtGox
2013-11-25,830.0,6.1236,5209.6527,MtGox
2013-11-26,970.0,6.1036,6068.5043,MtGox
2013-11-27,1080.0,6.0702,6719.7114,MtGox
2013-11-28,1101.47497,6.0889,6874.440218,MtGox
2013-11-29,1206.97761,6.1127,7562.339338,MtGox
2013-11-30,1205.8,6.1127,7554.961001,MtGox
2013-12-01,1004.42392,6.1127,6293.235648,MtGox
2013-12-02,1096.63251,6.1388,6900.307844,MtGox
2013-12-03,1155.0,6.1055,7228.148812,MtGox
2013-12-04,1237.955,6.1143,7758.458963,MtGox
2013-12-05,1106.4345,6.1818,7010.750712,MtGox
2013-12-06,845.0,6.1738,5347.282525,MtGox
2013-12-07,696.99999,6.1738,4410.717002,MtGox
2013-12-08,804.00001,6.1738,5087.828643,MtGox
2013-12-09,918.99,6.1423,5785.830084,MtGox
2013-12-10,1033.975,6.1102,6475.738896,MtGox
2013-12-11,920.0,6.1172,5768.5196,MtGox
2013-12-12,899.9999,6.1535,5676.603119,MtGox
2013-12-13,936.87547,6.1849,5939.343122,MtGox
2013-12-14,908.98998,6.1849,5762.56243,MtGox
2013-12-15,920.0,6.1849,5832.3607,MtGox
2013-12-16,760.0,6.1226,4769.5054,MtGox
2013-12-17,715.0,6.1532,4509.52645,MtGox
2013-12-18,541.00001,6.0946,3379.608127,MtGox
2013-12-19,731.98999,6.1338,4602.127206,MtGox
2013-12-20,650.0,6.1633,4106.298625,MtGox
2013-12-21,640.5,6.1633,4046.283491,MtGox
2013-12-22,639.48,6.1633,4039.839761,MtGox
2013-12-23,713.34506,6.1287,4481.174816,MtGox
2013-12-24,702.8,6.1287,4414.931619,MtGox
2013-12-25,707.3,6.1287,4443.200248,MtGox
2013-12-26,802.11,6.1287,5038.788846,MtGox
2013-12-27,803.23,6.1152,5034.709898,MtGox
2013-12-28,762.005,6.1152,4776.3083,MtGox
2013-12-29,785.00501,6.1152,4920.474203,MtGox
2013-12-30,804.87996,6.113,5043.236975,MtGox
2013-12-31,806.00503,6.0837,5026.080121,MtGox
2014-01-01,754.9,6.0837,4707.399758,Bitstamp
2014-01-02,784.19,6.1521,4945.025681,Bitstamp
2014-01-03,809.4,6.1306,5086.160331,Bitstamp
2014-01-04,828.79,6.1306,5208.004473,Bitstamp
2014-01-05,905.0,6.1306,5686.897825,Bitstamp
2014-01-06,919.24,6.1682,5811.807572,Bitstamp
2014-01-07,785.0,6.1469,4945.949412,Bitstamp
2014-01-08,823.45,6.1873,5222.30549,Bitstamp
2014-01-09,824.76,6.1765,5221.483394,Bitstamp
2014-01-10,852.61,6.1842,5404.528531,Bitstamp
2014-01-11,896.59,6.1842,5683.309175,Bitstamp
2014-01-12,844.05,6.1842,5350.26836,Bitstamp
2014-01-13,823.0,6.1242,5166.222015,Bitstamp
2014-01-14,815.99,6.0979,5100.221057,Bitstamp
2014-01-15,841.14,6.1138,5271.125775,Bitstamp
2014-01-16,814.4,6.1697,5150.218772,Bitstamp
2014-01-17,797.2,6.1687,5040.629831,Bitstamp
2014-01-18,810.0,6.1687,5121.563175,Bitstamp
2014-01-19,842.07,6.1687,5324.339139,Bitstamp
2014-01-20,826.02,6.1754,5228.529006,Bitstamp
2014-01-21,824.89,6.1896,5233.382623,Bitstamp
2014-01-22,819.2,6.1665,5177.88672,Bitstamp
2014-01-23,812.0,6.1093,5084.77039,Bitstamp
2014-01-24,780.0,6.131,4901.7345,Bitstamp
2014-01-25,806.8,6.131,5070.15307,Bitstamp
2014-01-26,814.75,6.131,5120.113056,Bitstamp
2014-01-27,751.95,6.1781,4761.762852,Bitstamp
2014-01-28,788.0,6.158,4973.8166,Bitstamp
2014-01-29,794.21,6.2008,5047.855802,Bitstamp
2014-01-30,799.99,6.2384,5115.424056,Bitstamp
2014-01-31,803.0,6.297,5182.903275,Bitstamp
2014-02-01,813.23,6.297,5248.932043,Bitstamp
2014-02-02,814.99,6.297,5260.291831,Bitstamp
2014-02-03,808.5,6.262,5189.397675,Bitstamp
2014-02-04,802.99,6.3022,5187.118667,Bitstamp
2014-02-05,782.33,6.2453,5008.032688,Bitstamp
2014-02-06,763.99,6.2245,4874.342149,Bitstamp
2014-02-07,705.01,6.1971,4478.242908,Bitstamp
2014-02-08,680.49,6.1971,4322.491193,Bitstamp
2014-02-09,687.37,6.1971,4366.193143,Bitstamp
2014-02-10,687.81,6.1285,4320.624675,Bitstamp
2014-02-11,675.1,6.1187,4234.002729,Bitstamp
2014-02-12,651.99,6.1387,4102.430288,Bitstamp
2014-02-13,604.11,6.0962,3774.844767,Bitstamp
2014-02-14,669.0,6.0954,4179.768165,Bitstamp
2014-02-15,655.83,6.0954,4097.484837,Bitstamp
2014-02-16,621.0,6.0954,3879.874485,Bitstamp
2014-02-17,633.66,6.0734,3944.68241,Bitstamp
2014-02-18,627.7,6.076,3909.25283,Bitstamp
2014-02-19,623.01,6.052,3864.717933,Bitstamp
2014-02-20,561.86,6.1013,3513.778328,Bitstamp
2014-02-21,581.35,6.1042,3637.393587,Bitstamp
2014-02-22,610.88,6.1042,3822.157038,Bitstamp
2014-02-23,610.09,6.1042,3817.214162,Bitstamp
2014-02-24,535.49,6.0269,3308.028298,Bitstamp
2014-02-25,535.0,6.0259,3304.452912,Bitstamp
2014-02-26,585.24,6.052,3630.419292,Bitstamp
2014-02-27,583.0,6.0585,3620.408137,Bitstamp
2014-02-28,551.89,5.9907,3388.862609,Bitstamp
2014-03-01,567.48,5.9907,3484.592497,Bitstamp
2014-03-02,566.24,5.9907,3476.978317,Bitstamp
2014-03-03,677.69,6.0412,4196.412349,Bitstamp
2014-03-04,673.0,5.9911,4132.810558,Bitstamp
2014-03-05,669.99,5.9937,4116.11204,Bitstamp
2014-03-06,669.57,5.9851,4107.629492,Bitstamp
2014-03-07,632.79,5.958,3864.41689,Bitstamp
2014-03-08,620.0,5.958,3786.309,Bitstamp
2014-03-09,640.0,5.958,3908.448,Bitstamp
2014-03-10,629.39,5.9664,3849.072308,Bitstamp
2014-03-11,632.1,5.9484,3853.983231,Bitstamp
2014-03-12,634.95,5.9675,3883.790728,Bitstamp
2014-03-13,641.01,5.9228,3891.488379,Bitstamp
2014-03-14,630.42,5.9835,3866.421022,Bitstamp
2014-03-15,637.24,5.9835,3908.248678,Bitstamp
2014-03-16,634.99,5.9835,3894.449232,Bitstamp
2014-03-17,621.11,5.9543,3790.732155,Bitstamp
2014-03-18,612.0,5.974,3747.4902,Bitstamp
2014-03-19,611.2,5.9782,3745.222736,Bitstamp
2014-03-20,587.98,6.0823,3665.677523,Bitstamp
2014-03-21,570.0,6.0737,3548.559225,Bitstamp
2014-03-22,565.31,6.0737,3519.361431,Bitstamp
2014-03-23,561.0,6.0737,3492.529342,Bitstamp
2014-03-24,585.99,6.0618,3640.958037,Bitstamp
2014-03-25,583.77,6.0483,3619.086493,Bitstamp
2014-03-26,581.49,6.0416,3600.958234,Bitstamp
2014-03-27,475.0,6.0078,2925.047625,Bitstamp
2014-03-28,502.01,5.9928,3083.656666,Bitstamp
2014-03-29,491.99,5.9928,3022.107614,Bitstamp
2014-03-30,460.0,5.9928,2825.6052,Bitstamp
2014-03-31,454.83,5.9871,2791.19051,Bitstamp
2014-04-01,478.98,5.9659,2928.985452,Bitstamp
2014-04-02,439.0,5.9551,2679.646122,Bitstamp
2014-04-03,451.03,5.9763,2762.877854,Bitstamp
2014-04-04,452.2,5.9945,2778.480722,Bitstamp
2014-04-05,464.8,5.9945,2855.89969,Bitstamp
2014-04-06,456.27,5.9945,2803.488278,Bitstamp
2014-04-07,447.11,6.0049,2751.97211,Bitstamp
2014-04-08,453.57,5.9794,2779.878369,Bitstamp
2014-04-09,441.69,5.9588,2697.740931,Bitstamp
