Date,BTC_USD,USD_NOK,BTC_NOK,BTC_NOK_with_fee
2010-07-17,0.04951,6.1946,0.306695,0.314362
2010-07-18,0.08584,6.1946,0.531744,0.545038
2010-07-19,0.0808,6.2839,0.507739,0.520432
2010-07-20,0.07474,6.329,0.473029,0.484855
2010-07-21,0.07921,6.2522,0.495237,0.507618
2010-07-22,0.0505,6.2062,0.313413,0.321248
2010-07-23,0.06262,6.1766,0.386779,0.396448
2010-07-24,0.05454,6.1766,0.336872,0.345294
2010-07-25,0.0505,6.1766,0.311918,0.319716
2010-07-26,0.056,6.1882,0.346539,0.355202
2010-07-27,0.06,6.1379,0.368274,0.377481
2010-07-28,0.0589,6.143,0.361823,0.370869
2010-07-29,0.0699,6.0988,0.426306,0.436964
2010-07-30,0.0627,6.0949,0.38215,0.391704
2010-07-31,0.06785,6.0949,0.413539,0.423877
2010-08-01,0.0611,6.0949,0.372398,0.381708
2010-08-02,0.06,6.012,0.36072,0.369738
2010-08-03,0.06,5.9613,0.357678,0.36662
2010-08-04,0.057,5.9723,0.340421,0.348932
2010-08-05,0.061,5.9743,0.364432,0.373543
2010-08-06,0.0623,5.9787,0.372473,0.381785
2010-08-07,0.059,5.9787,0.352743,0.361562
2010-08-08,0.0609,5.9787,0.364103,0.373206
2010-08-09,0.071,5.959,0.423089,0.433666
2010-08-10,0.07,6.0139,0.420973,0.431497
2010-08-11,0.067,6.1205,0.410074,0.420326
2010-08-12,0.07,6.2271,0.435897,0.446794
2010-08-13,0.0645,6.1927,0.399429,0.409415
2010-08-14,0.067,6.1927,0.414911,0.425284
2010-08-15,0.06529,6.1927,0.404321,0.414429
2010-08-16,0.0655,6.2044,0.406388,0.416548
2010-08-17,0.07,6.1481,0.430367,0.441126
2010-08-18,0.068,6.1568,0.418662,0.429129
2010-08-19,0.0667,6.1503,0.410225,0.420481
2010-08-20,0.0655,6.2654,0.410384,0.420644
2010-08-21,0.0664,6.2654,0.416023,0.426424
2010-08-22,0.066,6.2654,0.413516,0.423854
2010-08-23,0.06491,6.2209,0.403799,0.413894
2010-08-24,0.065,6.2969,0.409298,0.41953
2010-08-25,0.0648,6.3557,0.411849,0.422145
2010-08-26,0.064,6.3058,0.403571,0.41366
2010-08-27,0.065,6.2759,0.407934,0.418132
2010-08-28,0.0641,6.2759,0.402285,0.412342
2010-08-29,0.064,6.2759,0.401658,0.411699
2010-08-30,0.06497,6.2717,0.407472,0.417659
2010-08-31,0.06,6.3285,0.37971,0.389203
2010-09-01,0.0629,6.2051,0.390301,0.400059
2010-09-02,0.0634,6.164,0.390798,0.400568
2010-09-03,0.06085,6.147,0.374045,0.383396
2010-09-04,0.06238,6.147,0.38345,0.393036
2010-09-05,0.0616,6.147,0.378655,0.388121
2010-09-06,0.0616,6.1209,0.377047,0.386473
2010-09-07,0.061,6.1919,0.377706,0.387149
2010-09-08,0.062,6.207,0.384834,0.394455
2010-09-09,0.06111,6.1915,0.378363,0.387822
2010-09-10,0.0618,6.1894,0.382505,0.392068
2010-09-11,0.06366,6.1894,0.394017,0.403867
2010-09-12,0.0615,6.1894,0.380648,0.390164
2010-09-13,0.06219,6.1339,0.381467,0.391004
2010-09-14,0.06199,6.1307,0.380042,0.389543
2010-09-15,0.0604,6.0798,0.36722,0.3764
2010-09-16,0.0619,6.0831,0.376544,0.385958
2010-09-17,0.059,6.0988,0.359829,0.368825
2010-09-18,0.061,6.0988,0.372027,0.381328
2010-09-19,0.0627,6.0988,0.382395,0.391955
2010-09-20,0.0621,6.0838,0.377804,0.387249
2010-09-21,0.06265,6.0438,0.378644,0.38811
2010-09-22,0.0622,5.9088,0.367527,0.376715
2010-09-23,0.06231,5.9442,0.370383,0.379643
2010-09-24,0.0622,5.9257,0.368579,0.377793
2010-09-25,0.06202,5.9257,0.367512,0.3767
2010-09-26,0.062,5.9257,0.367393,0.376578
2010-09-27,0.0622,5.8726,0.365276,0.374408
2010-09-28,0.0619,5.919,0.366386,0.375546
2010-09-29,0.06191,5.8534,0.362384,0.371444
2010-09-30,0.0619,5.8382,0.361385,0.37042
2010-10-01,0.06197,5.8575,0.362989,0.372064
2010-10-02,0.0614,5.8575,0.359651,0.368642
2010-10-03,0.06111,5.8575,0.357952,0.366901
2010-10-04,0.0613,5.8592,0.359169,0.368148
2010-10-05,0.0614,5.8353,0.358287,0.367244
2010-10-06,0.06281,5.7982,0.364185,0.37329
2010-10-07,0.067,5.786,0.387662,0.397354
2010-10-08,0.08685,5.8383,0.507056,0.519732
2010-10-09,0.0938,5.8383,0.547633,0.561324
2010-10-10,0.0965,5.8383,0.563396,0.577481
2010-10-11,0.095,5.8291,0.553764,0.567608
2010-10-12,0.0949,5.8729,0.557338,0.571271
2010-10-13,0.105,5.8282,0.611961,0.62726
2010-10-14,0.102,5.7226,0.583705,0.598298
2010-10-15,0.105,5.7438,0.603099,0.618176
2010-10-16,0.101,5.7438,0.580124,0.594627
2010-10-17,0.102,5.7438,0.585868,0.600515
2010-10-18,0.1024,5.865,0.600576,0.61559
2010-10-19,0.097,5.8944,0.571757,0.586051
2010-10-20,0.099,5.8859,0.582704,0.597272
2010-10-21,0.107,5.8066,0.621306,0.636839
2010-10-22,0.1025,5.844,0.59901,0.613985
2010-10-23,0.1055,5.844,0.616542,0.631956
2010-10-24,0.11501,5.844,0.672118,0.688921
2010-10-25,0.132,5.7683,0.761416,0.780451
2010-10-26,0.1503,5.8367,0.877256,0.899187
2010-10-27,0.1877,5.9009,1.107599,1.135289
2010-10-28,0.1731,5.8815,1.018088,1.04354
2010-10-29,0.19,5.9118,1.123242,1.151323
2010-10-30,0.1989,5.9118,1.175857,1.205253
2010-10-31,0.1925,5.9118,1.138022,1.166473
2010-11-01,0.1955,5.8491,1.143499,1.172086
2010-11-02,0.1938,5.8518,1.134079,1.162431
2010-11-03,0.1931,5.857,1.130987,1.159262
2010-11-04,0.23,5.7203,1.315669,1.348561
2010-11-05,0.26,5.7647,1.498822,1.536293
2010-11-06,0.39,5.7647,2.248233,2.304439
2010-11-07,0.34,5.7647,1.959998,2.008998
2010-11-08,0.243,5.8094,1.411684,1.446976
2010-11-09,0.21,5.792,1.21632,1.246728
2010-11-10,0.24,5.8649,1.407576,1.442765
2010-11-11,0.2231,5.9058,1.317584,1.350524
2010-11-12,0.2682,5.9317,1.590882,1.630654
2010-11-13,0.276,5.9317,1.637149,1.678078
2010-11-14,0.27904,5.9317,1.655182,1.696562
2010-11-15,0.2682,5.9706,1.601315,1.641348
2010-11-16,0.223,5.9999,1.337978,1.371427
2010-11-17,0.2299,6.0715,1.395838,1.430734
2010-11-18,0.2678,5.9808,1.601658,1.641699
2010-11-19,0.28,5.9968,1.679104,1.721082
2010-11-20,0.28301,5.9968,1.697154,1.739583
2010-11-21,0.27675,5.9968,1.659614,1.701104
2010-11-22,0.2879,6.0138,1.731373,1.774657
2010-11-23,0.28295,6.0811,1.720647,1.763663
2010-11-24,0.28299,6.1058,1.72788,1.771077
2010-11-25,0.28,6.1013,1.708364,1.751073
2010-11-26,0.2844,6.183,1.758445,1.802406
2010-11-27,0.283,6.183,1.749789,1.793534
2010-11-28,0.27,6.183,1.66941,1.711145
2010-11-29,0.2299,6.1832,1.421518,1.457056
2010-11-30,0.2082,6.2248,1.296003,1.328403
2010-12-01,0.2275,6.1456,1.398124,1.433077
2010-12-02,0.255,6.1269,1.56236,1.601419
2010-12-03,0.25105,6.0433,1.51717,1.555099
2010-12-04,0.205,6.0433,1.238876,1.269848
2010-12-05,0.19,6.0433,1.148227,1.176933
2010-12-06,0.204,6.0079,1.225612,1.256252
2010-12-07,0.233,5.9612,1.38896,1.423684
2010-12-08,0.2388,6.0322,1.440489,1.476501
2010-12-09,0.2,6.0201,1.20402,1.23412
2010-12-10,0.204,5.9933,1.222633,1.253199
2010-12-11,0.228,5.9933,1.366472,1.400634
2010-12-12,0.22,5.9933,1.318526,1.351489
2010-12-13,0.2299,5.9746,1.373561,1.4079
2010-12-14,0.24669,5.8772,1.449846,1.486092
2010-12-15,0.23801,5.8877,1.401331,1.436364
2010-12-16,0.24996,5.9639,1.490736,1.528004
2010-12-17,0.24,5.9521,1.428504,1.464217
2010-12-18,0.241,5.9521,1.434456,1.470317
2010-12-19,0.2401,5.9521,1.429099,1.464826
2010-12-20,0.267,5.9789,1.596366,1.636275
2010-12-21,0.24,5.9764,1.434336,1.470194
2010-12-22,0.25,6.0033,1.500825,1.538346
2010-12-23,0.25,5.9989,1.499725,1.537218
2010-12-24,0.248,5.9989,1.487727,1.52492
2010-12-25,0.2499,5.9989,1.499125,1.536603
2010-12-26,0.265,5.9989,1.589708,1.629451
2010-12-27,0.265,5.9645,1.580592,1.620107
2010-12-28,0.281,5.9307,1.666527,1.70819
2010-12-29,0.3,5.9447,1.78341,1.827995
2010-12-30,0.3,5.8878,1.76634,1.810498
2010-12-31,0.3,5.8564,1.75692,1.800843
2011-01-01,0.3,5.8564,1.75692,1.800843
2011-01-02,0.29997,5.8564,1.756744,1.800663
2011-01-03,0.295,5.8286,1.719437,1.762423
2011-01-04,0.29895,5.8185,1.739441,1.782927
2011-01-05,0.299,5.8953,1.762695,1.806762
2011-01-06,0.298,5.9182,1.763624,1.807715
2011-01-07,0.32,5.961,1.90752,1.955208
2011-01-08,0.3229,5.961,1.924807,1.972927
2011-01-09,0.323,5.961,1.925403,1.973538
2011-01-10,0.32659,5.9742,1.951114,1.999892
2011-01-11,0.32659,5.9669,1.94873,1.997448
2011-01-12,0.3188,5.94,1.893672,1.941014
2011-01-13,0.3176,5.9073,1.876158,1.923062
2011-01-14,0.4,5.8806,2.35224,2.411046
2011-01-15,0.386,5.8806,2.269912,2.32666
2011-01-16,0.38679,5.8806,2.274557,2.331421
2011-01-17,0.3495,5.8493,2.04433,2.095438
2011-01-18,0.31299,5.8485,1.830522,1.876285
2011-01-19,0.31299,5.7945,1.813621,1.858962
2011-01-20,0.39,5.8451,2.279589,2.336579
2011-01-21,0.41991,5.8368,2.450931,2.512204
2011-01-22,0.4443,5.8368,2.59329,2.658122
2011-01-23,0.4424,5.8368,2.5822,2.646755
2011-01-24,0.4199,5.8087,2.439073,2.50005
2011-01-25,0.41,5.7723,2.366643,2.425809
2011-01-26,0.417,5.7499,2.397708,2.457651
2011-01-27,0.4212,5.7765,2.433062,2.493889
2011-01-28,0.446,5.7863,2.58069,2.645207
2011-01-29,0.439,5.7863,2.540186,2.603691
2011-01-30,0.4799,5.7863,2.776845,2.846266
2011-01-31,0.52001,5.7895,3.010598,3.085863
2011-02-01,0.7,5.7303,4.01121,4.11149
2011-02-02,0.716,5.7118,4.089649,4.19189
2011-02-03,0.69,5.7174,3.945006,4.043631
2011-02-04,0.811,5.7278,4.645246,4.761377
2011-02-05,0.92,5.7278,5.269576,5.401315
2011-02-06,0.89968,5.7278,5.153187,5.282017
2011-02-07,0.89,5.7836,5.147404,5.276089
2011-02-08,0.918,5.7638,5.291168,5.423447
2011-02-09,1.09,5.7657,6.284613,6.441728
2011-02-10,0.98031,5.8306,5.715795,5.85869
2011-02-11,1.07001,5.8636,6.274111,6.430964
2011-02-12,1.0799,5.8636,6.332102,6.490405
2011-02-13,1.05,5.8636,6.15678,6.3107
2011-02-14,1.07,5.8609,6.271163,6.427942
2011-02-15,1.05,5.7983,6.088215,6.24042
2011-02-16,1.045,5.7939,6.054625,6.205991
2011-02-17,1.04,5.7577,5.988008,6.137708
2011-02-18,0.8989,5.6913,5.11591,5.243808
2011-02-19,0.94898,5.6913,5.40093,5.535953
2011-02-20,0.85,5.6913,4.837605,4.958545
2011-02-21,0.8345,5.6841,4.743381,4.861966
2011-02-22,0.87023,5.6717,4.935683,5.059075
2011-02-23,0.9,5.6362,5.07258,5.199394
2011-02-24,0.99743,5.6044,5.589997,5.729747
2011-02-25,0.9111,5.6416,5.140062,5.268564
2011-02-26,0.958,5.6416,5.404653,5.539769
2011-02-27,0.89,5.6416,5.021024,5.14655
2011-02-28,0.86,5.5725,4.79235,4.912159
2011-03-01,0.92021,5.5783,5.133207,5.261537
2011-03-02,0.9399,5.5775,5.242292,5.373349
2011-03-03,0.93909,5.57,5.230731,5.361499
2011-03-04,0.901,5.5743,5.022444,5.148005
2011-03-05,0.9103,5.5743,5.074285,5.201142
2011-03-06,0.8999,5.5743,5.016313,5.141721
2011-03-07,0.88502,5.5318,4.895754,5.018148
2011-03-08,0.86999,5.5799,4.854457,4.975818
2011-03-09,0.86449,5.565,4.810887,4.931159
2011-03-10,0.9329,5.6322,5.254279,5.385636
2011-03-11,0.88,5.6672,4.987136,5.111814
2011-03-12,0.918,5.6672,5.20249,5.332552
2011-03-13,0.89249,5.6672,5.057919,5.184367
2011-03-14,0.8949,5.613,5.023074,5.148651
2011-03-15,0.87,5.7001,4.959087,5.083064
2011-03-16,0.86,5.6405,4.85083,4.972101
2011-03-17,0.82542,5.6402,4.655534,4.771922
2011-03-18,0.81648,5.5789,4.55506,4.668936
2011-03-19,0.765,5.5789,4.267858,4.374554
2011-03-20,0.74108,5.5789,4.134411,4.237771
2011-03-21,0.75897,5.5513,4.21327,4.318602
2011-03-22,0.80901,5.5633,4.500765,4.613284
2011-03-23,0.84971,5.5822,4.743251,4.861832
2011-03-24,0.86688,5.5797,4.83693,4.957853
2011-03-25,0.88377,5.5855,4.936297,5.059704
2011-03-26,0.8552,5.5855,4.77672,4.896138
2011-03-27,0.82,5.5855,4.58011,4.694613
2011-03-28,0.79898,5.6118,4.483716,4.595809
2011-03-29,0.7925,5.6192,4.453216,4.564546
2011-03-30,0.7897,5.5837,4.409448,4.519684
2011-03-31,0.78461,5.5135,4.325947,4.434096
2011-04-01,0.77411,5.5198,4.272932,4.379755
2011-04-02,0.78199,5.5198,4.316428,4.424339
2011-04-03,0.779,5.5198,4.299924,4.407422
2011-04-04,0.68,5.4919,3.734492,3.827854
2011-04-05,0.71,5.4998,3.904858,4.002479
2011-04-06,0.74,5.4441,4.028634,4.12935
2011-04-07,0.7538,5.4733,4.125774,4.228918
2011-04-08,0.74999,5.4177,4.063221,4.164802
2011-04-09,0.73,5.4177,3.954921,4.053794
2011-04-10,0.7369,5.4177,3.992303,4.092111
2011-04-11,0.77,5.4126,4.167702,4.271895
2011-04-12,0.86,5.4437,4.681582,4.798622
2011-04-13,0.9225,5.4247,5.004286,5.129393
2011-04-14,1.0,5.4566,5.4566,5.593015
2011-04-15,0.98991,5.4035,5.348979,5.482703
2011-04-16,1.0499,5.4035,5.673135,5.814963
2011-04-17,1.1123,5.4035,6.010313,6.160571
2011-04-18,1.16199,5.4557,6.339469,6.497956
2011-04-19,1.1979,5.4283,6.502561,6.665125
2011-04-20,1.1421,5.3889,6.154663,6.30853
2011-04-21,1.21,5.3889,6.520569,6.683583
2011-04-22,1.40901,5.3889,7.593014,7.782839
2011-04-23,1.7001,5.3889,9.161669,9.390711
2011-04-24,1.63011,5.3889,8.7845,9.004112
2011-04-25,1.559,5.3889,8.401295,8.611327
2011-04-26,1.7949,5.3226,9.553535,9.792373
2011-04-27,1.9,5.3099,10.08881,10.34103
2011-04-28,2.21059,5.2785,11.668599,11.960314
2011-04-29,2.88,5.2369,15.082272,15.459329
2011-04-30,3.5,5.2369,18.32915,18.787379
2011-05-01,3.03311,5.2369,15.884094,16.281196
2011-05-02,3.2,5.2436,16.77952,17.199008
2011-05-03,3.41,5.2771,17.994911,18.444784
2011-05-04,3.40609,5.2889,18.014469,18.464831
2011-05-05,3.333,5.353,17.841549,18.287588
2011-05-06,3.45,5.4789,18.902205,19.37476
2011-05-07,3.641,5.4789,19.948675,20.447392
2011-05-08,3.8659,5.4789,21.18088,21.710402
2011-05-09,3.8,5.464,20.7632,21.28228
2011-05-10,5.81,5.4349,31.576769,32.366188
2011-05-11,5.5,5.4252,29.8386,30.584565
2011-05-12,6.30019,5.5119,34.726017,35.594167
2011-05-13,8.198,5.4905,45.011119,46.136397
2011-05-14,7.19769,5.4905,39.518917,40.50689
2011-05-15,6.98701,5.4905,38.362178,39.321232
2011-05-16,8.03388,5.5625,44.688458,45.805669
2011-05-17,7.19,5.5625,39.994375,40.994234
2011-05-18,6.88,5.5781,38.377328,39.336761
2011-05-19,6.805,5.5188,37.555434,38.49432
2011-05-20,5.59039,5.4983,30.737641,31.506082
2011-05-21,6.11971,5.4983,33.648001,34.489201
2011-05-22,6.6901,5.4983,36.784177,37.703781
2011-05-23,7.14991,5.5974,40.020906,41.021429
2011-05-24,7.42,5.5636,41.281912,42.31396
2011-05-25,8.3997,5.5612,46.712412,47.880222
2011-05-26,8.798,5.4983,48.374043,49.583394
2011-05-27,8.5002,5.4462,46.293789,47.451134
2011-05-28,8.3001,5.4462,45.204005,46.334105
2011-05-29,8.4299,5.4462,45.910921,47.058694
2011-05-30,8.8,5.4292,47.77696,48.971384
2011-05-31,8.741,5.3938,47.147206,48.325886
2011-06-01,9.57,5.3658,51.350706,52.634474
2011-06-02,10.6,5.3658,56.87748,58.299417
2011-06-03,14.29,5.3814,76.900206,78.822711
2011-06-04,18.89,5.3814,101.654646,104.196012
2011-06-05,16.7,5.3814,89.86938,92.116114
2011-06-06,18.5499,5.36,99.427464,101.913151
2011-06-07,23.9234,5.3505,128.002152,131.202206
2011-06-08,29.6,5.3981,159.78376,163.778354
2011-06-09,28.919,5.3873,155.795329,159.690212
2011-06-10,23.9497,5.4228,129.874433,133.121294
2011-06-11,14.6511,5.4228,79.449985,81.436235
2011-06-12,18.5464,5.4228,100.573418,103.087753
2011-06-13,19.84,5.4228,107.588352,110.278061
2011-06-14,19.28,5.3962,104.038736,106.639704
2011-06-15,19.49,5.4716,106.641484,109.307521
2011-06-16,17.0,5.5923,95.0691,97.445828
2011-06-17,15.681,5.5147,86.476011,88.637911
2011-06-18,16.89,5.5147,93.143283,95.471865
2011-06-19,17.51,5.5147,96.562397,98.976457
2011-06-20,0.0,5.5683,0.0,0.0
2011-06-21,0.0,5.5048,0.0,0.0
2011-06-22,0.0,5.464,0.0,0.0
2011-06-23,0.0,5.4904,0.0,0.0
2011-06-24,0.0,5.4729,0.0,0.0
2011-06-25,0.0,5.4729,0.0,0.0
2011-06-26,16.45001,5.4729,90.02926,92.279991
2011-06-27,16.75004,5.4801,91.791894,94.086691
2011-06-28,16.9498,5.4709,92.730661,95.048928
2011-06-29,16.845,5.4111,91.14998,93.428729
2011-06-30,16.10098,5.3882,86.7553,88.924182
2011-07-01,15.397,5.3769,82.788129,84.857832
2011-07-02,15.4,5.3769,82.80426,84.874366
2011-07-03,15.44049,5.3769,83.021971,85.09752
2011-07-04,13.86,5.3521,74.180106,76.034609
2011-07-05,12.90691,5.361,69.193945,70.923794
2011-07-06,14.78347,5.4243,80.189976,82.194725
2011-07-07,14.77609,5.4341,80.294751,82.30212
2011-07-08,14.31399,5.4381,77.840909,79.786932
2011-07-09,14.38,5.4381,78.199878,80.154875
2011-07-10,14.9,5.4381,81.02769,83.053382
2011-07-11,14.20912,5.5094,78.283726,80.240819
2011-07-12,14.00943,5.5614,77.912044,79.859845
2011-07-13,13.95099,5.5678,77.676322,79.61823
2011-07-14,13.99,5.5189,77.209411,79.139646
2011-07-15,13.81,5.5609,76.796029,78.71593
2011-07-16,13.7191,5.5609,76.290543,78.197807
2011-07-17,13.16,5.5609,73.181444,75.01098
2011-07-18,13.48,5.6013,75.505524,77.393162
2011-07-19,13.85024,5.5523,76.900688,78.823205
2011-07-20,13.68943,5.4931,75.197408,77.077343
2011-07-21,13.61,5.4669,74.404509,76.264622
2011-07-22,13.69542,5.3975,73.921029,75.769055
2011-07-23,13.68,5.3975,73.8378,75.683745
2011-07-24,13.98001,5.3975,75.457104,77.343532
2011-07-25,14.0478,5.4044,75.91993,77.817928
2011-07-26,13.88214,5.3607,74.417988,76.278438
2011-07-27,13.9394,5.3728,74.893608,76.765948
2011-07-28,13.49011,5.4169,73.074577,74.901441
2011-07-29,13.49832,5.4257,73.237835,75.068781
2011-07-30,13.53034,5.4257,73.411566,75.246855
2011-07-31,13.35,5.4257,72.433095,74.243922
2011-08-01,13.0946,5.3371,69.88719,71.63437
2011-08-02,12.05,5.3959,65.020595,66.64611
2011-08-03,9.26,5.372,49.74472,50.988338
2011-08-04,10.75,5.4399,58.478925,59.940898
2011-08-05,9.7999,5.4991,53.89063,55.237896
2011-08-06,6.55,5.4991,36.019105,36.919583
2011-08-07,7.9,5.4991,43.44289,44.528962
2011-08-08,7.79991,5.4608,42.593749,43.658593
2011-08-09,9.99,5.4878,54.823122,56.1937
2011-08-10,9.98,5.4364,54.255272,55.611654
2011-08-11,9.46248,5.5296,52.323729,53.631822
2011-08-12,9.46051,5.4919,51.956175,53.255079
2011-08-13,10.131,5.4919,55.638439,57.0294
2011-08-14,10.7957,5.4919,59.288905,60.771128
2011-08-15,11.14979,5.5004,61.328305,62.861513
2011-08-16,10.96409,5.477,60.050321,61.551579
2011-08-17,10.94555,5.3868,58.961489,60.435526
2011-08-18,10.83001,5.4308,58.815618,60.286008
2011-08-19,11.65,5.4623,63.635795,65.22669
2011-08-20,11.453,5.4623,62.559722,64.123715
2011-08-21,11.31125,5.4623,61.785441,63.330077
2011-08-22,10.895,5.4368,59.233936,60.714784
2011-08-23,10.94001,5.399,59.065114,60.541742
2011-08-24,10.8506,5.4337,58.958905,60.432878
2011-08-25,9.65702,5.3993,52.141148,53.444677
2011-08-26,8.17939,5.3975,44.148258,45.251964
2011-08-27,8.5902,5.3975,46.365604,47.524744
2011-08-28,9.07011,5.3975,48.955919,50.179817
2011-08-29,8.969,5.3662,48.129448,49.332684
2011-08-30,8.79134,5.3965,47.442466,48.628528
2011-08-31,8.19951,5.3561,43.917396,45.015331
2011-09-01,8.21,5.3798,44.168158,45.272362
2011-09-02,8.64,5.3851,46.527264,47.690446
2011-09-03,8.48,5.3851,45.665648,46.807289
2011-09-04,8.17798,5.3851,44.03924,45.140221
2011-09-05,7.61101,5.4315,41.339201,42.372681
2011-09-06,6.8628,5.388,36.976766,37.901185
2011-09-07,7.1864,5.3737,38.617558,39.582997
2011-09-08,6.53,5.382,35.14446,36.023072
2011-09-09,5.03,5.4509,27.418027,28.103478
2011-09-10,4.7739,5.4509,26.022052,26.672603
2011-09-11,5.86435,5.4509,31.965985,32.765135
2011-09-12,6.078,5.5584,33.783955,34.628554
2011-09-13,5.8,5.6632,32.84656,33.667724
2011-09-14,5.61932,5.6421,31.704765,32.497384
2011-09-15,4.84,5.6075,27.1403,27.818808
2011-09-16,4.82,5.6235,27.10527,27.782902
2011-09-17,4.77,5.6235,26.824095,27.494697
2011-09-18,5.2,5.6235,29.2422,29.973255
2011-09-19,5.46001,5.6748,30.984465,31.759077
2011-09-20,6.11191,5.6612,34.600745,35.465764
2011-09-21,5.6114,5.6886,31.92101,32.719035
2011-09-22,5.42781,5.8202,31.59094,32.380714
2011-09-23,5.54514,5.8716,32.558844,33.372815
2011-09-24,5.46829,5.8716,32.107612,32.910302
2011-09-25,5.33,5.8716,31.295628,32.078019
2011-09-26,4.86969,5.797,28.229593,28.935333
2011-09-27,4.9156,5.7368,28.199814,28.904809
2011-09-28,4.77247,5.7333,27.362002,28.046052
2011-09-29,4.77935,5.7606,27.531924,28.220222
2011-09-30,5.14009,5.8417,30.026864,30.777536
2011-10-01,5.03241,5.8417,29.397829,30.132775
2011-10-02,5.02701,5.8417,29.366284,30.100441
2011-10-03,5.02401,5.8723,29.502494,30.240056
2011-10-04,4.96,5.9449,29.486704,30.223872
2011-10-05,4.87,5.8563,28.520181,29.233186
2011-10-06,4.73443,5.8968,27.917987,28.615937
2011-10-07,4.2728,5.8062,24.808731,25.428949
2011-10-08,4.00753,5.8062,23.268521,23.850234
2011-10-09,4.10288,5.8062,23.822142,24.417696
2011-10-10,4.1,5.7401,23.53441,24.12277
2011-10-11,3.9308,5.7184,22.477887,23.039834
2011-10-12,4.15,5.6538,23.46327,24.049852
2011-10-13,4.04615,5.6509,22.864389,23.435999
2011-10-14,3.98791,5.6098,22.371378,22.930662
2011-10-15,3.84214,5.6098,21.553637,22.092478
2011-10-16,3.55701,5.6098,19.954115,20.452968
2011-10-17,2.55998,5.6127,14.3684,14.72761
2011-10-18,2.41901,5.6745,13.726672,14.069839
2011-10-19,2.27,5.5937,12.697699,13.015141
2011-10-20,2.34801,5.583,13.10894,13.436664
2011-10-21,2.57,5.5849,14.353193,14.712023
2011-10-22,3.1588,5.5849,17.641582,18.082622
2011-10-23,3.17,5.5849,17.704133,18.146736
2011-10-24,2.545,5.551,14.127295,14.480477
2011-10-25,2.77,5.522,15.29594,15.678338
2011-10-26,2.77302,5.5145,15.291819,15.674114
2011-10-27,3.04001,5.4538,16.579607,16.994097
2011-10-28,3.18999,5.4184,17.284642,17.716758
2011-10-29,3.58113,5.4184,19.403995,19.889095
2011-10-30,3.27,5.4184,17.718168,18.161122
2011-10-31,3.24801,5.5007,17.866329,18.312987
2011-11-01,3.15,5.6931,17.933265,18.381597
2011-11-02,3.25429,5.6184,18.283903,18.741001
2011-11-03,3.152,5.6059,17.669797,18.111542
2011-11-04,3.109,5.6371,17.525744,17.963888
2011-11-05,2.97002,5.6371,16.7423,17.160858
2011-11-06,2.95959,5.6371,16.683505,17.100593
2011-11-07,3.00677,5.6378,16.951568,17.375357
2011-11-08,3.03501,5.6027,17.004251,17.429357
2011-11-09,2.95001,5.6954,16.801487,17.221524
2011-11-10,2.83993,5.686,16.147842,16.551538
2011-11-11,3.08001,5.6791,17.491685,17.928977
2011-11-12,3.03099,5.6791,17.213295,17.643627
2011-11-13,2.99686,5.6791,17.019468,17.444955
2011-11-14,2.22,5.6768,12.602496,12.917558
2011-11-15,2.32896,5.7641,13.424358,13.759967
2011-11-16,2.56035,5.7794,14.797287,15.167219
2011-11-17,2.25,5.8016,13.0536,13.37994
2011-11-18,2.04999,5.7602,11.808352,12.103561
2011-11-19,2.19585,5.7602,12.648535,12.964748
2011-11-20,2.2,5.7602,12.67244,12.989251
2011-11-21,2.294,5.8259,13.364615,13.69873
2011-11-22,2.3289,5.7813,13.46407,13.800672
2011-11-23,2.33209,5.8404,13.620338,13.960846
2011-11-24,2.4321,5.8558,14.241891,14.597938
2011-11-25,2.50612,5.9234,14.844751,15.21587
2011-11-26,2.47003,5.9234,14.630976,14.99675
2011-11-27,2.47991,5.9234,14.689499,15.056736
2011-11-28,2.55,5.8702,14.96901,15.343235
2011-11-29,2.75019,5.8859,16.187343,16.592027
2011-11-30,2.9701,5.7781,17.161535,17.590573
2011-12-01,3.06,5.7686,17.651916,18.093214
2011-12-02,3.1151,5.7479,17.905283,18.352915
2011-12-03,2.794,5.7479,16.059633,16.461124
2011-12-04,2.82809,5.7479,16.255579,16.661968
2011-12-05,2.8798,5.7477,16.552226,16.966032
2011-12-06,3.03,5.7608,17.455224,17.891605
2011-12-07,2.99001,5.7513,17.196445,17.626356
2011-12-08,2.98,5.7301,17.075698,17.50259
2011-12-09,2.96999,5.736,17.035863,17.46176
2011-12-10,3.05,5.736,17.4948,17.93217
2011-12-11,3.2511,5.736,18.64831,19.114518
2011-12-12,3.135,5.812,18.22062,18.676135
2011-12-13,3.2499,5.8501,19.01224,19.487546
2011-12-14,3.15,5.9771,18.827865,19.298562
2011-12-15,3.2,5.9663,19.09216,19.569464
2011-12-16,3.2,5.9564,19.06048,19.536992
2011-12-17,3.2001,5.9564,19.061076,19.537603
2011-12-18,3.193,5.9564,19.018785,19.494255
2011-12-19,3.5202,5.9418,20.916324,21.439232
2011-12-20,3.95,5.8957,23.288015,23.870215
2011-12-21,3.89,5.9384,23.100376,23.677885
2011-12-22,3.8901,5.9508,23.149207,23.727937
2011-12-23,3.94678,5.96,23.522809,24.110879
2011-12-24,3.94,5.96,23.4824,24.06946
2011-12-25,4.225,5.96,25.181,25.810525
2011-12-26,4.018,5.96,23.94728,24.545962
2011-12-27,4.06997,5.9641,24.273708,24.880551
2011-12-28,4.18552,5.9653,24.967882,25.592079
2011-12-29,4.166,6.0315,25.127229,25.75541
2011-12-30,4.248,5.9927,25.45699,26.093415
2011-12-31,4.72202,5.9927,28.297649,29.00509
2012-01-01,5.26766,5.9927,31.567506,32.356694
2012-01-02,5.21678,5.9946,31.272509,32.054322
2012-01-03,4.8808,5.9436,29.009523,29.734761
2012-01-04,5.57383,5.9473,33.149239,33.97797
2012-01-05,6.9476,5.987,41.595281,42.635163
2012-01-06,6.69693,6.007,40.228459,41.23417
2012-01-07,6.81,6.007,40.90767,41.930362
2012-01-08,7.11358,6.007,42.731275,43.799557
2012-01-09,6.3257,6.0159,38.054779,39.006148
2012-01-10,6.36,5.9771,38.014356,38.964715
2012-01-11,6.9,6.0155,41.50695,42.544624
2012-01-12,6.79999,6.0278,40.98898,42.013704
2012-01-13,6.41,6.0238,38.612558,39.577872
2012-01-14,6.75001,6.0238,40.66071,41.677228
2012-01-15,7.00177,6.0238,42.177262,43.231694
2012-01-16,6.68254,6.0545,40.459438,41.470924
2012-01-17,5.59998,5.9918,33.55396,34.392809
2012-01-18,5.92,6.0046,35.547232,36.435913
2012-01-19,6.35979,5.9345,37.742174,38.685728
2012-01-20,6.48979,5.9371,38.530532,39.493795
2012-01-21,6.18,5.9371,36.691278,37.60856
2012-01-22,6.3097,5.9371,37.46132,38.397853
2012-01-23,6.356,5.8881,37.424764,38.360383
2012-01-24,6.28978,5.8748,36.9512,37.87498
2012-01-25,5.75,5.9361,34.132575,34.985889
2012-01-26,5.34,5.817,31.06278,31.839349
2012-01-27,5.29199,5.8159,30.777685,31.547127
2012-01-28,5.62667,5.8159,32.72415,33.542254
2012-01-29,5.3809,5.8159,31.294776,32.077145
2012-01-30,5.49048,5.8589,32.168173,32.972377
2012-01-31,5.48379,5.8106,31.86411,32.660713
2012-02-01,6.07561,5.8095,35.296256,36.178662
2012-02-02,6.1,5.8408,35.62888,36.519602
2012-02-03,5.9593,5.8085,34.614594,35.479959
2012-02-04,5.87343,5.8085,34.115818,34.968713
2012-02-05,5.68881,5.8085,33.043453,33.869539
2012-02-06,5.45345,5.8216,31.747805,32.5415
2012-02-07,5.69,5.8129,33.075401,33.902286
2012-02-08,5.59998,5.7473,32.184765,32.989384
2012-02-09,5.83,5.742,33.47586,34.312756
2012-02-10,5.9126,5.776,34.151178,35.004957
2012-02-11,5.6005,5.776,32.348488,33.1572
2012-02-12,5.51468,5.776,31.852792,32.649112
2012-02-13,5.26,5.7122,30.046172,30.797326
2012-02-14,4.46292,5.7218,25.535936,26.174334
2012-02-15,4.3251,5.7505,24.871488,25.493275
2012-02-16,4.2739,5.8169,24.860849,25.48237
2012-02-17,4.41,5.6976,25.126416,25.754576
2012-02-18,4.22201,5.6976,24.055324,24.656707
2012-02-19,4.38669,5.6976,24.993605,25.618445
2012-02-20,4.36146,5.6445,24.618261,25.233718
2012-02-21,4.272,5.6875,24.297,24.904425
2012-02-22,4.42474,5.6689,25.083409,25.710494
2012-02-23,5.015,5.6173,28.17076,28.875029
2012-02-24,5.0288,5.576,28.040589,28.741604
2012-02-25,4.77302,5.576,26.61436,27.279719
2012-02-26,4.922,5.576,27.445072,28.131199
2012-02-27,4.95598,5.6002,27.754479,28.448341
2012-02-28,4.86798,5.5597,27.064508,27.741121
2012-02-29,4.86001,5.5349,26.899669,27.572161
2012-03-01,4.9213,5.5758,27.440185,28.12619
2012-03-02,4.70499,5.6144,26.415696,27.076088
2012-03-03,4.61436,5.6144,25.906863,26.554535
2012-03-04,4.82001,5.6144,27.061464,27.738001
2012-03-05,4.98427,5.6127,27.975212,28.674592
2012-03-06,4.9901,5.6656,28.271911,28.978709
2012-03-07,4.93752,5.6768,28.029314,28.730047
2012-03-08,4.93016,5.6041,27.62911,28.319838
2012-03-09,4.86112,5.6554,27.491578,28.178867
2012-03-10,4.83315,5.6554,27.333397,28.016732
2012-03-11,4.91,5.6554,27.768014,28.462214
2012-03-12,4.89005,5.7013,27.879642,28.576633
2012-03-13,5.27,5.7069,30.075363,30.827247
2012-03-14,5.38,5.7778,31.084564,31.861678
2012-03-15,5.32656,5.795,30.867415,31.6391
2012-03-16,5.34388,5.7548,30.752961,31.521785
2012-03-17,5.2159,5.7548,30.016461,30.766873
2012-03-18,5.27943,5.7548,30.382064,31.141616
2012-03-19,4.6939,5.7418,26.951435,27.625221
2012-03-20,4.8379,5.763,27.880818,28.577838
2012-03-21,4.81488,5.7546,27.707708,28.400401
2012-03-22,4.7043,5.7902,27.238838,27.919809
2012-03-23,4.68596,5.768,27.028617,27.704332
2012-03-24,4.676,5.768,26.971168,27.645447
2012-03-25,4.55001,5.768,26.244458,26.900569
2012-03-26,4.61911,5.7314,26.473967,27.135816
2012-03-27,4.81125,5.6784,27.320202,28.003207
2012-03-28,4.788,5.7067,27.32368,28.006772
2012-03-29,4.80838,5.7505,27.650589,28.341854
2012-03-30,4.86,5.6933,27.669438,28.361174
2012-03-31,4.90873,5.6933,27.946873,28.645545
2012-04-01,4.827,5.6933,27.481559,28.168598
2012-04-02,4.974,5.669,28.197606,28.902546
2012-04-03,4.952,5.6778,28.116466,28.819378
2012-04-04,4.91008,5.7409,28.188278,28.892985
2012-04-05,4.919,5.7409,28.239487,28.945474
2012-04-06,4.94991,5.7409,28.416938,29.127361
2012-04-07,4.68715,5.7409,26.908459,27.58117
2012-04-08,4.79252,5.7409,27.513378,28.201212
2012-04-09,4.87191,5.7409,27.969148,28.668377
2012-04-10,4.83668,5.7812,27.961814,28.660859
2012-04-11,4.9279,5.7909,28.536976,29.2504
2012-04-12,4.91968,5.7858,28.464285,29.175892
2012-04-13,4.93999,5.7796,28.551166,29.264945
2012-04-14,4.9597,5.7796,28.665082,29.381709
2012-04-15,4.96892,5.7796,28.71837,29.436329
2012-04-16,4.93201,5.7993,28.602206,29.317261
2012-04-17,4.97587,5.7474,28.598315,29.313273
2012-04-18,5.1178,5.7683,29.521006,30.259031
2012-04-19,5.13766,5.7684,29.636078,30.37698
2012-04-20,5.35,5.7209,30.606815,31.371985
2012-04-21,5.26008,5.7209,30.092392,30.844702
2012-04-22,5.20352,5.7209,29.768818,30.513038
2012-04-23,4.95999,5.7566,28.552678,29.266495
2012-04-24,5.09822,5.7416,29.27194,30.003738
2012-04-25,5.13182,5.7266,29.38788,30.122577
2012-04-26,5.09762,5.7333,29.226185,29.95684
2012-04-27,5.10947,5.7359,29.307409,30.040094
2012-04-28,4.9794,5.7359,28.56134,29.275373
2012-04-29,4.90441,5.7359,28.131205,28.834485
2012-04-30,4.9491,5.742,28.417732,29.128175
2012-05-01,5.0,5.742,28.71,29.42775
2012-05-02,5.07367,5.7517,29.182228,29.911784
2012-05-03,5.13438,5.746,29.502147,30.239701
2012-05-04,5.067,5.7577,29.174266,29.903623
2012-05-05,5.077,5.7577,29.231843,29.962639
2012-05-06,5.04991,5.7577,29.075867,29.802764
2012-05-07,5.06002,5.8033,29.364814,30.098934
2012-05-08,5.04997,5.8046,29.313056,30.045882
2012-05-09,5.0437,5.8402,29.456217,30.192622
2012-05-10,4.85,5.831,28.28035,28.987359
2012-05-11,4.96,5.8572,29.051712,29.778005
2012-05-12,4.94619,5.8572,28.970824,29.695095
2012-05-13,4.92996,5.8572,28.875762,29.597656
2012-05-14,5.00594,5.9018,29.544057,30.282658
2012-05-15,5.035,5.932,29.86762,30.61431
2012-05-16,5.0887,5.9829,30.445183,31.206313
2012-05-17,5.0998,5.9829,30.511593,31.274383
2012-05-18,5.11801,5.9724,30.566803,31.330973
2012-05-19,5.0995,5.9724,30.456254,31.21766
2012-05-20,5.09002,5.9724,30.399635,31.159626
2012-05-21,5.09977,5.9816,30.504784,31.267404
2012-05-22,5.09877,5.9301,30.236216,30.992121
2012-05-23,5.1397,5.9823,30.747227,31.515908
2012-05-24,5.11904,6.0014,30.721407,31.489442
2012-05-25,5.14546,6.0187,30.96898,31.743204
2012-05-26,5.10324,6.0187,30.714871,31.482743
2012-05-27,5.13896,6.0187,30.929859,31.703105
2012-05-28,5.1358,6.0187,30.910839,31.68361
2012-05-29,5.14997,6.0054,30.92763,31.700821
2012-05-30,5.135,6.0416,31.023616,31.799206
2012-05-31,5.18011,6.0659,31.422029,32.20758
2012-06-01,5.27481,6.1471,32.424785,33.235405
2012-06-02,5.24898,6.1471,32.266005,33.072655
2012-06-03,5.2051,6.1471,31.99627,32.796177
2012-06-04,5.26599,6.1132,32.19205,32.996851
2012-06-05,5.44001,6.1103,33.240093,34.071095
2012-06-06,5.46001,6.0925,33.265111,34.096739
2012-06-07,5.591,6.025,33.685775,34.527919
2012-06-08,5.633,6.0952,34.334262,35.192619
2012-06-09,5.55997,6.0952,33.889129,34.736357
2012-06-10,5.46829,6.0952,33.330321,34.163579
2012-06-11,5.57471,6.0236,33.579823,34.419319
2012-06-12,5.70003,6.0411,34.434451,35.295312
2012-06-13,5.929,5.9929,35.531904,36.420202
2012-06-14,5.9541,5.9812,35.612663,36.50298
2012-06-15,6.5,5.9733,38.82645,39.797111
2012-06-16,6.4,5.9733,38.22912,39.184848
2012-06-17,6.16382,5.9733,36.818346,37.738805
2012-06-18,6.30998,5.9645,37.635876,38.576773
2012-06-19,6.49876,5.9569,38.712463,39.680275
2012-06-20,6.67,5.9084,39.409028,40.394254
2012-06-21,6.68008,5.9163,39.521357,40.509391
2012-06-22,6.54781,5.9706,39.094354,40.071713
2012-06-23,6.4285,5.9706,38.382002,39.341552
2012-06-24,6.35002,5.9706,37.913429,38.861265
2012-06-25,6.30482,6.0042,37.8554,38.801785
2012-06-26,6.4195,6.0116,38.591466,39.556253
2012-06-27,6.647,6.029,40.074763,41.076632
2012-06-28,6.60588,6.0771,40.144593,41.148208
2012-06-29,6.65,5.9833,39.788945,40.783669
2012-06-30,6.68999,5.9833,40.028217,41.028922
2012-07-01,6.62898,5.9833,39.663176,40.654755
2012-07-02,6.75999,5.9759,40.397024,41.40695
2012-07-03,6.44993,5.9797,38.568646,39.532862
2012-07-04,6.5101,5.9845,38.959693,39.933685
2012-07-05,6.67,6.0164,40.129388,41.132623
2012-07-06,6.64811,6.075,40.387268,41.39695
2012-07-07,6.76207,6.075,41.079575,42.106564
2012-07-08,6.79898,6.075,41.303804,42.336399
2012-07-09,7.0215,6.0982,42.818511,43.888974
2012-07-10,7.1999,6.094,43.876191,44.973096
2012-07-11,7.15,6.0967,43.591405,44.68119
2012-07-12,7.76437,6.1348,47.632857,48.823678
2012-07-13,7.6651,6.1067,46.808466,47.978678
2012-07-14,7.5421,6.1067,46.057342,47.208776
2012-07-15,7.62101,6.1067,46.539222,47.702703
2012-07-16,8.4996,6.1201,52.018402,53.318862
2012-07-17,8.80001,6.0866,53.562141,54.901195
2012-07-18,9.10977,6.1162,55.717175,57.110104
2012-07-19,8.86999,6.0857,53.980098,55.3296
2012-07-20,8.52,6.0844,51.839088,53.135065
2012-07-21,8.84553,6.0844,53.819743,55.165237
2012-07-22,8.4096,6.0844,51.16737,52.446554
2012-07-23,8.44565,6.0975,51.497351,52.784785
2012-07-24,8.6,6.0981,52.44366,53.754752
2012-07-25,8.8,6.0734,53.44592,54.782068
2012-07-26,8.9,6.0351,53.71239,55.0552
2012-07-27,8.9,6.0672,53.99808,55.348032
2012-07-28,8.8881,6.0672,53.92588,55.274027
2012-07-29,8.71027,6.0672,52.84695,54.168124
2012-07-30,9.098,6.0608,55.141158,56.519687
2012-07-31,9.35,6.0416,56.48896,57.901184
2012-08-01,9.5503,6.005,57.349552,58.783291
2012-08-02,10.53,5.9975,63.153675,64.732517
2012-08-03,10.97,6.0188,66.026236,67.676892
2012-08-04,10.98398,6.0188,66.110379,67.763138
2012-08-05,10.86998,6.0188,65.424236,67.059842
2012-08-06,10.85517,5.9734,64.842272,66.463329
2012-08-07,11.1,5.9163,65.67093,67.312703
2012-08-08,11.0553,5.9209,65.457326,67.093759
2012-08-09,11.0611,5.9308,65.601172,67.241201
2012-08-10,11.38637,5.9289,67.508649,69.196365
2012-08-11,11.5102,5.9289,68.242825,69.948896
2012-08-12,11.62399,5.9289,68.917474,70.640411
2012-08-13,12.03749,5.9215,71.279997,73.061997
2012-08-14,12.19,5.9108,72.052652,73.853968
2012-08-15,13.25,5.9429,78.743425,80.712011
2012-08-16,13.5,5.9752,80.6652,82.68183
2012-08-17,11.5836,5.9411,68.819326,70.539809
2012-08-18,11.61,5.9411,68.976171,70.700575
2012-08-19,8.0,5.9411,47.5288,48.71702
2012-08-20,10.1,5.9455,60.04955,61.550789
2012-08-21,9.91502,5.8927,58.426238,59.886894
2012-08-22,9.80679,5.9062,57.920863,59.368885
2012-08-23,10.09997,5.8485,59.069675,60.546417
2012-08-24,10.6,5.8383,61.88598,63.43313
2012-08-25,10.5239,5.8383,61.441685,62.977727
2012-08-26,10.61,5.8383,61.944363,63.492972
2012-08-27,10.95,5.822,63.7509,65.344672
2012-08-28,10.94,5.8097,63.558118,65.147071
2012-08-29,10.9169,5.829,63.63461,65.225475
2012-08-30,10.77699,5.8016,62.523785,64.08688
2012-08-31,10.16,5.7827,58.752232,60.221038
2012-09-01,9.96544,5.7827,57.62715,59.067829
2012-09-02,10.2041,5.7827,59.007249,60.48243
2012-09-03,10.53,5.8096,61.175088,62.704465
2012-09-04,10.38471,5.7946,60.175241,61.679622
2012-09-05,10.99971,5.8093,63.900615,65.49813
2012-09-06,11.181,5.8336,65.225482,66.856119
2012-09-07,11.0,5.8028,63.8308,65.42657
2012-09-08,11.037,5.8028,64.045504,65.646642
2012-09-09,11.02,5.8028,63.946856,65.545527
2012-09-10,11.17,5.7843,64.610631,66.225897
2012-09-11,11.33081,5.7785,65.475086,67.111963
2012-09-12,11.36489,5.7436,65.275382,66.907267
2012-09-13,11.399,5.7467,65.506633,67.144299
2012-09-14,11.67,5.6728,66.201576,67.856615
2012-09-15,11.75,5.6728,66.6554,68.321785
2012-09-16,11.87,5.6728,67.336136,69.019539
2012-09-17,11.89,5.7103,67.895467,69.592854
2012-09-18,12.25,5.7189,70.056525,71.807938
2012-09-19,12.5725,5.7157,71.860638,73.657154
2012-09-20,12.28253,5.7372,70.467331,72.229014
2012-09-21,12.368,5.7141,70.671989,72.438789
2012-09-22,12.23781,5.7141,69.92807,71.676272
2012-09-23,12.19331,5.7141,69.673793,71.415638
2012-09-24,12.1,5.758,69.6718,71.413595
2012-09-25,12.197,5.7222,69.793673,71.538515
2012-09-26,12.27,5.7633,70.715691,72.483583
2012-09-27,12.30889,5.7325,70.560712,72.32473
2012-09-28,12.39101,5.6995,70.622561,72.388125
2012-09-29,12.36309,5.6995,70.463431,72.225017
2012-09-30,12.4,5.6995,70.6738,72.440645
2012-10-01,12.4,5.7296,71.04704,72.823216
2012-10-02,12.84,5.7022,73.216248,75.046654
2012-10-03,12.89,5.7436,74.035004,75.885879
2012-10-04,12.85,5.7359,73.706315,75.548973
2012-10-05,12.688,5.6864,72.149043,73.952769
2012-10-06,12.505,5.6864,71.108432,72.886143
2012-10-07,11.80001,5.6864,67.099577,68.777066
2012-10-08,11.77809,5.7123,67.279984,68.961984
2012-10-09,11.895,5.7168,68.001336,69.701369
2012-10-10,12.12,5.7402,69.571224,71.310505
2012-10-11,12.03,5.7149,68.750247,70.469003
2012-10-12,12.0,5.7059,68.4708,70.18257
2012-10-13,11.86101,5.7059,67.677737,69.36968
2012-10-14,11.7389,5.7059,66.98099,68.655515
2012-10-15,11.83807,5.7127,67.627342,69.318026
2012-10-16,11.8499,5.6653,67.133238,68.811569
2012-10-17,11.81,5.6372,66.575332,68.239715
2012-10-18,11.93977,5.6236,67.144491,68.823103
2012-10-19,11.74012,5.6647,66.504258,68.166864
2012-10-20,11.73991,5.6647,66.503068,68.165645
2012-10-21,11.63107,5.6647,65.886522,67.533685
2012-10-22,11.71012,5.6545,66.214874,67.870246
2012-10-23,11.65,5.7032,66.44228,68.103337
2012-10-24,11.64999,5.7449,66.928028,68.601229
2012-10-25,10.86158,5.7427,62.374795,63.934165
2012-10-26,10.17061,5.7852,58.839013,60.309988
2012-10-27,10.26051,5.7852,59.359102,60.84308
2012-10-28,10.69998,5.7852,61.901524,63.449062
2012-10-29,10.59999,5.7776,61.242502,62.773565
2012-10-30,10.88753,5.7383,62.475913,64.037811
2012-10-31,11.201,5.6842,63.668724,65.260442
2012-11-01,10.57,5.6805,60.042885,61.543957
2012-11-02,10.46877,5.7047,59.721192,61.214222
2012-11-03,10.6425,5.7047,60.71227,62.230077
2012-11-04,10.80011,5.7047,61.611388,63.151673
2012-11-05,10.748,5.7467,61.765532,63.30967
2012-11-06,10.89899,5.7203,62.345492,63.904129
2012-11-07,10.92,5.7426,62.709192,64.276922
2012-11-08,10.925,5.7334,62.637395,64.20333
2012-11-09,10.815,5.7519,62.206798,63.761968
2012-11-10,10.88999,5.7519,62.638133,64.204086
2012-11-11,10.8687,5.7519,62.515676,64.078568
2012-11-12,11.00801,5.7346,63.126534,64.704697
2012-11-13,10.9512,5.7703,63.191709,64.771502
2012-11-14,10.95,5.7536,63.00192,64.576968
2012-11-15,11.19771,5.7694,64.604068,66.21917
2012-11-16,11.74889,5.7823,67.935607,69.633997
2012-11-17,11.78889,5.7823,68.166899,69.871071
2012-11-18,11.65152,5.7823,67.372584,69.056899
2012-11-19,11.7999,5.7761,68.157402,69.861337
2012-11-20,11.73281,5.7264,67.186763,68.866432
2012-11-21,11.76999,5.7212,67.338467,69.021929
2012-11-22,12.42191,5.6814,70.573839,72.338185
2012-11-23,12.34501,5.6774,70.08756,71.839749
2012-11-24,12.41153,5.6774,70.46522,72.22685
2012-11-25,12.4821,5.6774,70.865875,72.637522
2012-11-26,12.24546,5.6595,69.303181,71.035761
2012-11-27,12.2,5.6766,69.25452,70.985883
2012-11-28,12.34769,5.6951,70.321329,72.079362
2012-11-29,12.45,5.6565,70.423425,72.184011
2012-11-30,12.565,5.68,71.3692,73.15343
2012-12-01,12.56201,5.68,71.352217,73.136022
2012-12-02,12.50004,5.68,71.000227,72.775233
2012-12-03,12.67899,5.6284,71.362427,73.146488
2012-12-04,13.41,5.6114,75.248874,77.130096
2012-12-05,13.38,5.6303,75.333414,77.216749
2012-12-06,13.29899,5.612,74.633932,76.49978
2012-12-07,13.4999,5.6804,76.684832,78.601953
2012-12-08,13.42007,5.6804,76.231366,78.13715
2012-12-09,13.388,5.6804,76.049195,77.950425
2012-12-10,13.43335,5.6651,76.101271,78.003803
2012-12-11,13.55703,5.6473,76.560616,78.474631
2012-12-12,13.6989,5.6208,76.998777,78.923746
2012-12-13,13.7001,5.6072,76.819201,78.739681
2012-12-14,13.60004,5.6353,76.640305,78.556313
2012-12-15,13.49011,5.6353,76.020817,77.921337
2012-12-16,13.30002,5.6353,74.949603,76.823343
2012-12-17,13.25005,5.6007,74.209555,76.064794
2012-12-18,13.29899,5.604,74.52754,76.390728
2012-12-19,13.599,5.5447,75.402375,77.287434
2012-12-20,13.52463,5.5598,75.194238,77.074094
2012-12-21,13.49998,5.5383,74.766939,76.636112
2012-12-22,13.37136,5.5383,74.054603,75.905968
2012-12-23,13.31202,5.5383,73.72596,75.569109
2012-12-24,13.38001,5.5383,74.102509,75.955072
2012-12-25,13.35001,5.5383,73.93636,75.784769
2012-12-26,13.46786,5.5383,74.589049,76.453775
2012-12-27,13.42174,5.5601,74.626217,76.491872
2012-12-28,13.42119,5.5659,74.701001,76.568526
2012-12-29,13.4,5.5659,74.58306,76.447636
2012-12-30,13.45001,5.5659,74.861411,76.732946
2012-12-31,13.51001,5.5664,75.20212,77.082173
2013-01-01,13.30413,5.5664,74.056109,75.907512
2013-01-02,13.27999,5.5176,73.273673,75.105515
2013-01-03,13.39786,5.5652,74.56177,76.425814
2013-01-04,13.5,5.6094,75.7269,77.620072
2013-01-05,13.44,5.6094,75.390336,77.275094
2013-01-06,13.45395,5.6094,75.468587,77.355302
2013-01-07,13.58755,5.6032,76.13376,78.037104
2013-01-08,13.74275,5.598,76.931914,78.855212
2013-01-09,13.77001,5.6104,77.255264,79.186646
2013-01-10,14.13999,5.5655,78.696114,80.663517
2013-01-11,14.13701,5.5364,78.268142,80.224846
2013-01-12,14.23699,5.5364,78.821671,80.792213
2013-01-13,14.11601,5.5364,78.151878,80.105675
2013-01-14,14.30002,5.5187,78.91752,80.890458
2013-01-15,14.25003,5.5523,79.120442,81.098453
2013-01-16,14.73,5.5886,82.320078,84.37808
2013-01-17,15.50001,5.5397,85.865405,88.01204
2013-01-18,15.70499,5.5989,87.930669,90.128936
2013-01-19,15.615,5.5989,87.426824,89.612495
2013-01-20,15.7,5.5989,87.90273,90.100298
2013-01-21,16.8,5.5873,93.86664,96.213306
2013-01-22,17.26142,5.5883,96.461993,98.873543
2013-01-23,17.50004,5.5525,97.168972,99.598196
2013-01-24,16.89596,5.5536,93.833403,96.179238
2013-01-25,17.40001,5.5119,95.907115,98.304793
2013-01-26,17.88,5.5119,98.552772,101.016591
2013-01-27,17.81821,5.5119,98.212192,100.667497
2013-01-28,18.72101,5.5356,103.632023,106.222824
2013-01-29,19.52538,5.517,107.721521,110.414559
2013-01-30,19.70001,5.4907,108.166845,110.871016
2013-01-31,20.41001,5.4871,111.991766,114.79156
2013-02-01,20.49897,5.4438,111.592293,114.3821
2013-02-02,19.63001,5.4438,106.861848,109.533394
2013-02-03,20.59,5.4438,112.087842,114.890038
2013-02-04,20.43005,5.4807,111.970975,114.770249
2013-02-05,20.60001,5.4768,112.822135,115.642688
2013-02-06,21.18,5.4916,116.312088,119.21989
2013-02-07,22.15,5.4887,121.574705,124.614073
2013-02-08,22.66,5.5264,125.228224,128.35893
2013-02-09,23.65,5.5264,130.69936,133.966844
2013-02-10,23.96975,5.5264,132.466426,135.778087
2013-02-11,24.65,5.5108,135.84122,139.23725
2013-02-12,25.16975,5.4971,138.360633,141.819649
2013-02-13,24.2,5.4681,132.32802,135.63622
2013-02-14,27.2205,5.523,150.338822,154.097293
2013-02-15,27.1,5.5493,150.38603,154.145681
2013-02-16,27.21584,5.5493,151.028861,154.804583
2013-02-17,26.8146,5.5493,148.80226,152.522316
2013-02-18,26.95,5.5475,149.505125,153.242753
2013-02-19,29.41759,5.5562,163.450014,167.536264
2013-02-20,29.64501,5.5396,164.221497,168.327034
2013-02-21,29.74768,5.6693,168.648522,172.864735
2013-02-22,30.24539,5.6628,171.273594,175.555434
2013-02-23,29.79999,5.6628,168.751383,172.970168
2013-02-24,29.88999,5.6628,169.261035,173.492561
2013-02-25,30.39999,5.613,170.635144,174.901023
2013-02-26,31.1,5.7043,177.40373,181.838823
2013-02-27,30.9012,5.7013,176.177012,180.581437
2013-02-28,33.38,5.7026,190.352788,195.111608
2013-03-01,34.5,5.7581,198.65445,203.620811
2013-03-02,34.25,5.7581,197.214925,202.145298
2013-03-03,34.49999,5.7581,198.654392,203.620752
2013-03-04,36.152,5.7242,206.941278,212.11481
2013-03-05,40.33,5.7081,230.207673,235.962865
2013-03-06,41.0201,5.6962,233.658694,239.500161
2013-03-07,41.99999,5.7006,239.425143,245.410772
2013-03-08,44.17999,5.6864,251.225095,257.505722
2013-03-09,46.85,5.6864,266.40784,273.068036
2013-03-10,46.0,5.6864,261.5744,268.11376
2013-03-11,48.39999,5.7246,277.070583,283.997348
2013-03-12,44.28994,5.7041,252.634247,258.950103
2013-03-13,46.92002,5.7338,269.030011,275.755761
2013-03-14,47.1696,5.8221,274.626128,281.491781
2013-03-15,46.95,5.7562,270.25359,277.00993
2013-03-16,47.00019,5.7562,270.542494,277.306056
2013-03-17,47.4,5.7562,272.84388,279.664977
2013-03-18,51.60001,5.8021,299.388418,306.873128
2013-03-19,59.14001,5.81,343.603458,352.193544
2013-03-20,64.4888,5.8285,375.872971,385.269795
2013-03-21,70.85,5.8466,414.23161,424.5874
2013-03-22,69.86501,5.8229,406.816967,416.987391
2013-03-23,64.35,5.8229,374.703615,384.071205
2013-03-24,71.5,5.8229,416.33735,426.745784
2013-03-25,73.6,5.8315,429.1984,439.92836
2013-03-26,78.5,5.8296,457.6236,469.06419
2013-03-27,88.92,5.8256,518.012352,530.962661
2013-03-28,86.18,5.8256,502.050208,514.601463
2013-03-29,90.5,5.8256,527.2168,540.39722
2013-03-30,92.19003,5.8256,537.062239,550.488795
2013-03-31,93.03001,5.8256,541.955626,555.504517
2013-04-01,104.0,5.8256,605.8624,621.00896
2013-04-02,117.98,5.8154,686.100892,703.253414
2013-04-03,135.0,5.8049,783.6615,803.253038
2013-04-04,132.12001,5.8114,767.802226,786.997282
2013-04-05,142.32356,5.7536,818.872835,839.344656
2013-04-06,142.63112,5.7536,820.642412,841.158472
2013-04-07,162.30102,5.7536,933.815149,957.160528
2013-04-08,187.5,5.7237,1073.19375,1100.023594
2013-04-09,230.0,5.7408,1320.384,1353.3936
2013-04-10,165.0,5.7359,946.4235,970.084087
2013-04-11,124.9,5.6994,711.85506,729.651436
2013-04-12,117.0,5.7325,670.7025,687.470062
2013-04-13,93.0,5.7325,533.1225,546.450562
2013-04-14,89.99999,5.7325,515.924943,528.823067
2013-04-15,82.38601,5.7339,472.393143,484.202972
2013-04-16,68.35568,5.7293,391.630197,401.420952
2013-04-17,93.07,5.7544,535.562008,548.951058
2013-04-18,109.01,5.816,634.00216,649.852214
2013-04-19,118.48,5.7922,686.259856,703.416352
2013-04-20,126.61552,5.7922,733.382415,751.716975
2013-04-21,119.2,5.7922,690.43024,707.690996
2013-04-22,127.39999,5.8365,743.570042,762.159293
2013-04-23,143.475,5.9103,847.980292,869.179799
2013-04-24,154.2,5.9034,910.30428,933.061887
2013-04-25,141.71002,5.8513,829.18784,849.917536
2013-04-26,136.90001,5.8631,802.658449,822.72491
2013-04-27,128.00011,5.8631,750.477445,769.239381
2013-04-28,134.44444,5.8631,788.261196,807.967726
2013-04-29,143.99991,5.8026,835.573878,856.463225
2013-04-30,139.2269,5.8197,810.25879,830.51526
2013-05-01,116.37999,5.8197,677.296628,694.229044
2013-05-02,106.25,5.7513,611.075625,626.352516
2013-05-03,98.1,5.8011,569.08791,583.315108
2013-05-04,112.9,5.8011,654.94419,671.317795
2013-05-05,115.98,5.8011,672.811578,689.631867
2013-05-06,112.25,5.8167,652.924575,669.247689
2013-05-07,109.60013,5.8286,638.815318,654.785701
2013-05-08,113.2,5.7792,654.20544,670.560576
2013-05-09,112.799,5.7792,651.887981,668.185181
2013-05-10,117.7,5.7946,682.02442,699.07503
2013-05-11,115.64,5.7946,670.087544,686.839733
2013-05-12,114.82002,5.7946,665.336088,681.96949
2013-05-13,117.97968,5.8067,685.072608,702.199423
2013-05-14,111.4,5.8107,647.31198,663.494779
2013-05-15,114.22,5.8625,669.61475,686.355119
2013-05-16,118.21,5.8464,691.102944,708.380518
2013-05-17,123.49997,5.8464,722.030225,740.080981
2013-05-18,123.211,5.8464,720.34079,738.34931
2013-05-19,122.5,5.8464,716.184,734.0886
2013-05-20,122.02,5.8464,713.377728,731.212171
2013-05-21,122.89001,5.8344,716.989474,734.914211
2013-05-22,123.8,5.7765,715.1307,733.008968
2013-05-23,126.3,5.8457,738.31191,756.769708
2013-05-24,133.1,5.8185,774.44235,793.803409
2013-05-25,131.986,5.8185,767.960541,787.159555
2013-05-26,133.5,5.8185,776.76975,796.188994
2013-05-27,129.76999,5.8335,757.013237,775.938568
2013-05-28,128.99996,5.8378,753.075966,771.902865
2013-05-29,132.25,5.8678,776.01655,795.416964
2013-05-30,128.79901,5.8861,758.123853,777.076949
2013-05-31,128.81505,5.8542,754.109066,772.961793
2013-06-01,129.3,5.8542,756.94806,775.871761
2013-06-02,122.5,5.8542,717.1395,735.067988
2013-06-03,120.73716,5.8403,705.141236,722.769767
2013-06-04,121.39997,5.8032,704.508306,722.121014
2013-06-05,121.90001,5.82,709.458058,727.194509
2013-06-06,118.9699,5.7791,687.538949,704.727423
2013-06-07,111.0,5.7545,638.7495,654.718238
2013-06-08,107.89242,5.7545,620.866931,636.388604
2013-06-09,100.43743,5.7545,577.967191,592.416371
2013-06-10,106.35001,5.7627,612.863203,628.184783
2013-06-11,109.0,5.7907,631.1863,646.965958
2013-06-12,108.77592,5.7731,627.974264,643.673621
2013-06-13,103.949,5.7657,599.338749,614.322218
2013-06-14,100.0,5.7434,574.34,588.6985
2013-06-15,99.8,5.7434,573.19132,587.521103
2013-06-16,99.9,5.7434,573.76566,588.109802
2013-06-17,101.95,5.7243,583.592385,598.182195
2013-06-18,107.34998,5.7526,617.541495,632.980032
2013-06-19,108.251,5.7262,619.866876,635.363548
2013-06-20,111.29,5.947,661.84163,678.387671
2013-06-21,109.5,6.0008,657.0876,673.51479
2013-06-22,108.2,6.0008,649.28656,665.518724
2013-06-23,107.90001,6.0008,647.48638,663.67354
2013-06-24,102.09,6.144,627.24096,642.921984
2013-06-25,103.32933,6.0758,627.808343,643.503552
2013-06-26,104.0,6.1018,634.5872,650.45188
2013-06-27,101.73678,6.0474,615.243003,630.624078
2013-06-28,94.66,6.0279,570.601014,584.866039
2013-06-29,94.999,6.0279,572.644472,586.960584
2013-06-30,97.51,6.0279,587.780529,602.475042
2013-07-01,88.05,6.0585,533.450925,546.787198
2013-07-02,90.40502,6.0844,550.060304,563.811812
2013-07-03,78.89,6.1235,483.082915,495.159988
2013-07-04,80.03565,6.1114,489.129871,501.358118
2013-07-05,68.50001,6.1729,422.843712,433.414805
2013-07-06,69.655,6.1729,429.97335,440.722684
2013-07-07,76.5,6.1729,472.22685,484.032521
2013-07-08,76.00003,6.1984,471.078586,482.855551
2013-07-09,76.7,6.1445,471.28315,483.065229
2013-07-10,88.0,6.1305,539.484,552.9711
2013-07-11,88.97901,6.0787,540.876708,554.398626
2013-07-12,93.98994,6.071,570.612926,584.878249
2013-07-13,98.32,6.071,596.90072,611.823238
2013-07-14,94.41986,6.071,573.22297,587.553544
2013-07-15,98.89028,6.0951,602.746146,617.8148
2013-07-16,97.1,6.0173,584.27983,598.886826
2013-07-17,98.50001,5.9969,590.69471,605.462078
2013-07-18,90.06889,5.9982,540.251216,553.757496
2013-07-19,92.0,5.9864,550.7488,564.51752
2013-07-20,89.82138,5.9864,537.706709,551.149377
2013-07-21,91.998,5.9864,550.736827,564.505248
2013-07-22,91.601,5.9418,544.274822,557.881693
2013-07-23,95.55851,5.9302,566.681076,580.848103
2013-07-24,95.08999,5.8769,558.834362,572.805221
2013-07-25,96.95,5.9275,574.671125,589.037903
2013-07-26,96.02015,5.9306,569.457102,583.69353
2013-07-27,94.4,5.9306,559.84864,573.844856
2013-07-28,98.78002,5.9306,585.824787,600.470407
2013-07-29,101.484,5.9235,601.140474,616.168986
2013-07-30,107.96,5.9259,639.760164,655.754168
2013-07-31,106.21188,5.925,629.305389,645.038024
2013-08-01,104.0,5.9191,615.5864,630.97606
2013-08-02,104.50102,5.9574,622.554377,638.118236
2013-08-03,104.95,5.9574,625.22913,640.859858
2013-08-04,105.12,5.9574,626.241888,641.897935
2013-08-05,106.72001,5.9252,632.337403,648.145838
2013-08-06,106.55641,5.9194,630.750013,646.518763
2013-08-07,105.98993,5.9372,629.283412,645.015497
2013-08-08,103.05,5.9012,608.11866,623.321626
2013-08-09,102.8,5.8454,600.90712,615.929798
2013-08-10,102.99999,5.8454,602.076142,617.128046
2013-08-11,105.0,5.8454,613.767,629.111175
2013-08-12,106.81349,5.8799,628.05264,643.753956
2013-08-13,109.6,5.8661,642.92456,658.997674
2013-08-14,112.56205,5.8997,664.082326,680.684384
2013-08-15,109.99497,5.8987,648.82733,665.048013
2013-08-16,108.99438,5.9232,645.595512,661.7354
2013-08-17,112.75,5.9232,667.8408,684.53682
2013-08-18,113.38,5.9232,671.572416,688.361726
2013-08-19,118.50203,5.9233,701.923074,719.471151
2013-08-20,121.20001,5.9633,722.75202,740.82082
2013-08-21,123.30002,6.0173,741.93321,760.48154
2013-08-22,121.99994,6.0966,743.784834,762.379455
2013-08-23,118.51002,6.0607,718.253678,736.21002
2013-08-24,119.60255,6.0607,724.875175,742.997054
2013-08-25,122.11102,6.0607,740.078259,758.580215
2013-08-26,120.07,6.0497,726.387479,744.547166
2013-08-27,131.295,6.0196,790.343382,810.101967
2013-08-28,128.76,6.0381,777.465756,796.9024
2013-08-29,129.30034,6.0674,784.516883,804.129805
2013-08-30,138.03002,6.113,843.777512,864.87195
2013-08-31,141.0,6.113,861.933,883.481325
2013-09-01,146.01003,6.113,892.559313,914.873296
2013-09-02,144.0,6.0646,873.3024,895.13496
2013-09-03,144.0,6.0742,874.6848,896.55192
2013-09-04,132.51,6.0766,805.210266,825.340523
2013-09-05,130.20002,6.096,793.699322,813.541805
2013-09-06,121.9,6.1005,743.65095,762.242224
2013-09-07,128.99496,6.1005,786.933753,806.607097
2013-09-08,126.31501,6.1005,770.584719,789.849337
2013-09-09,133.1,6.08,809.248,829.4792
2013-09-10,132.61636,5.9373,787.383114,807.067692
2013-09-11,142.1,5.9165,840.73465,861.753016
2013-09-12,139.35499,5.9108,823.699475,844.291962
2013-09-13,140.66,5.9191,832.580606,853.395121
2013-09-14,136.7149,5.9191,809.229165,829.459894
2013-09-15,138.3002,5.9191,818.612714,839.078032
2013-09-16,139.41938,5.9085,823.759407,844.353392
2013-09-17,139.15001,5.8891,819.468324,839.955032
2013-09-18,140.41238,5.9104,829.893331,850.640664
2013-09-19,135.05037,5.7896,781.887622,801.434813
2013-09-20,133.80726,5.9246,792.754493,812.573355
2013-09-21,134.38,5.9246,796.147748,816.051442
2013-09-22,134.00001,5.9246,793.896459,813.74387
2013-09-23,133.4,5.9009,787.18006,806.859561
2013-09-24,134.7788,5.9526,802.284285,822.341392
2013-09-25,135.0,6.0227,813.0645,833.391112
2013-09-26,137.10002,5.9727,818.857289,839.328721
2013-09-27,138.93,5.9858,831.607194,852.397374
2013-09-28,142.5,5.9858,852.9765,874.300912
2013-09-29,143.88402,5.9858,861.260967,882.792491
2013-09-30,141.8965,6.0081,852.528362,873.841571
2013-10-01,140.3,5.999,841.6597,862.701192
2013-10-02,123.0,6.017,740.091,758.593275
2013-10-03,130.98925,5.9651,781.363975,800.898074
2013-10-04,136.82222,5.9696,816.773925,837.193273
2013-10-05,136.69511,5.9696,816.015129,836.415507
2013-10-06,137.8,5.9696,822.61088,843.176152
2013-10-07,135.80001,5.9881,813.18404,833.513641
2013-10-08,136.50002,5.9532,812.611919,832.927217
2013-10-09,139.5,6.0007,837.09765,858.025091
2013-10-10,140.41013,6.0523,849.80423,871.049336
2013-10-11,140.1,5.9918,839.45118,860.437459
2013-10-12,142.89995,5.9918,856.22792,877.633618
2013-10-13,147.53,5.9918,883.970254,906.06951
2013-10-14,151.38003,5.9957,907.629246,930.319977
2013-10-15,158.1,6.0165,951.20865,974.988866
2013-10-16,152.83,5.9999,916.964717,939.888835
2013-10-17,157.60001,5.9398,936.112539,959.515352
2013-10-18,168.3,5.9182,996.03306,1020.933886
2013-10-19,183.17999,5.9182,1084.095817,1111.198212
2013-10-20,186.12,5.9182,1101.495384,1129.032769
2013-10-21,192.795,5.9208,1141.500636,1170.038152
2013-10-22,203.0,5.9481,1207.4643,1237.650908
2013-10-23,228.0,5.9162,1348.8936,1382.61594
2013-10-24,206.995,5.8827,1217.689486,1248.131723
2013-10-25,197.90999,5.9062,1168.895983,1198.118383
2013-10-26,188.56002,5.9062,1113.67319,1141.51502
2013-10-27,207.0001,5.9062,1222.583991,1253.148591
2013-10-28,206.9,5.8981,1220.31689,1250.824812
2013-10-29,216.0,5.8974,1273.8384,1305.68436
2013-10-30,208.0,5.8742,1221.8336,1252.37944
2013-10-31,211.1714,5.9409,1254.54817,1285.911874
2013-11-01,213.5,5.9578,1271.9903,1303.790057
2013-11-02,211.70001,5.9578,1261.26632,1292.797978
2013-11-03,224.01001,5.9578,1334.606838,1367.972009
2013-11-04,238.19039,5.9355,1413.77906,1449.123536
2013-11-05,251.3,5.9671,1499.53223,1537.020536
2013-11-06,264.1,5.9558,1572.92678,1612.24995
2013-11-07,309.659,5.9978,1857.27275,1903.704569
2013-11-08,355.0,6.087,2160.885,2214.907125
2013-11-09,367.8,6.087,2238.7986,2294.768565
2013-11-10,336.33101,6.087,2047.246858,2098.428029
2013-11-11,363.0,6.127,2224.101,2279.703525
2013-11-12,380.1,6.1789,2348.59989,2407.314887
2013-11-13,434.87999,6.2154,2702.95309,2770.526917
2013-11-14,433.4,6.2005,2687.2967,2754.479117
2013-11-15,434.0,6.1319,2661.2446,2727.775715
2013-11-16,461.9999,6.1319,2832.937187,2903.760617
2013-11-17,528.31991,6.1319,3239.604856,3320.594977
2013-11-18,785.50007,6.1171,4804.982478,4925.10704
2013-11-19,645.71675,6.0943,3935.19159,4033.57138
2013-11-20,638.0,6.0826,3880.6988,3977.71627
2013-11-21,765.10001,6.0915,4660.606711,4777.121879
2013-11-22,802.0,6.0708,4868.7816,4990.50114
2013-11-23,832.524,6.0708,5054.086699,5180.438866
2013-11-24,795.0,6.0708,4826.286,4946.94315
2013-11-25,830.0,6.1236,5082.588,5209.6527
2013-11-26,970.0,6.1036,5920.492,6068.5043
2013-11-27,1080.0,6.0702,6555.816,6719.7114
2013-11-28,1101.47497,6.0889,6706.770945,6874.440219
2013-11-29,1206.97761,6.1127,7377.892037,7562.339338
2013-11-30,1205.8,6.1127,7370.69366,7554.961001
2013-12-01,1004.42392,6.1127,6139.742096,6293.235648
2013-12-02,1096.63251,6.1388,6732.007652,6900.307843
2013-12-03,1155.0,6.1055,7051.8525,7228.148812
2013-12-04,1237.955,6.1143,7569.228256,7758.458962
2013-12-05,1106.4345,6.1818,6839.756792,7010.750712
2013-12-06,845.0,6.1738,5216.861,5347.282525
2013-12-07,696.99999,6.1738,4303.138538,4410.717001
2013-12-08,804.00001,6.1738,4963.735262,5087.828644
2013-12-09,918.99,6.1423,5644.712277,5785.830084
2013-12-10,1033.975,6.1102,6317.794045,6475.738896
2013-12-11,920.0,6.1172,5627.824,5768.5196
2013-12-12,899.9999,6.1535,5538.149385,5676.60312
2013-12-13,936.87547,6.1849,5794.481094,5939.343121
2013-12-14,908.98998,6.1849,5622.012127,5762.56243
2013-12-15,920.0,6.1849,5690.108,5832.3607
2013-12-16,760.0,6.1226,4653.176,4769.5054
2013-12-17,715.0,6.1532,4399.538,4509.52645
2013-12-18,541.00001,6.0946,3297.178661,3379.608128
2013-12-19,731.98999,6.1338,4489.880201,4602.127206
2013-12-20,650.0,6.1633,4006.145,4106.298625
2013-12-21,640.5,6.1633,3947.59365,4046.283491
2013-12-22,639.48,6.1633,3941.307084,4039.839761
2013-12-23,713.34506,6.1287,4371.877869,4481.174816
2013-12-24,702.8,6.1287,4307.25036,4414.931619
2013-12-25,707.3,6.1287,4334.82951,4443.200248
2013-12-26,802.11,6.1287,4915.891557,5038.788846
2013-12-27,803.23,6.1152,4911.912096,5034.709898
2013-12-28,762.005,6.1152,4659.812976,4776.3083
2013-12-29,785.00501,6.1152,4800.462637,4920.474203
2013-12-30,804.87996,6.113,4920.231195,5043.236975
2013-12-31,806.00503,6.0837,4903.492801,5026.080121
2014-01-01,754.9,6.0837,4592.58513,4707.399758
2014-01-02,784.19,6.1521,4824.415299,4945.025681
2014-01-03,809.4,6.1306,4962.10764,5086.160331
2014-01-04,828.79,6.1306,5080.979974,5208.004473
2014-01-05,905.0,6.1306,5548.193,5686.897825
2014-01-06,919.24,6.1682,5670.056168,5811.807572
2014-01-07,785.0,6.1469,4825.3165,4945.949412
2014-01-08,823.45,6.1873,5094.932185,5222.30549
2014-01-09,824.76,6.1765,5094.13014,5221.483394
2014-01-10,852.61,6.1842,5272.710762,5404.528531
2014-01-11,896.59,6.1842,5544.691878,5683.309175
2014-01-12,844.05,6.1842,5219.77401,5350.26836
2014-01-13,823.0,6.1242,5040.2166,5166.222015
2014-01-14,815.99,6.0979,4975.825421,5100.221057
2014-01-15,841.14,6.1138,5142.561732,5271.125775
2014-01-16,814.4,6.1697,5024.60368,5150.218772
2014-01-17,797.2,6.1687,4917.68764,5040.629831
2014-01-18,810.0,6.1687,4996.647,5121.563175
2014-01-19,842.07,6.1687,5194.477209,5324.339139
2014-01-20,826.02,6.1754,5101.003908,5228.529006
2014-01-21,824.89,6.1896,5105.739144,5233.382623
2014-01-22,819.2,6.1665,5051.5968,5177.88672
2014-01-23,812.0,6.1093,4960.7516,5084.77039
2014-01-24,780.0,6.131,4782.18,4901.7345
2014-01-25,806.8,6.131,4946.4908,5070.15307
2014-01-26,814.75,6.131,4995.23225,5120.113056
2014-01-27,751.95,6.1781,4645.622295,4761.762852
2014-01-28,788.0,6.158,4852.504,4973.8166
2014-01-29,794.21,6.2008,4924.737368,5047.855802
2014-01-30,799.99,6.2384,4990.657616,5115.424056
2014-01-31,803.0,6.297,5056.491,5182.903275
2014-02-01,813.23,6.297,5120.90931,5248.932043
2014-02-02,814.99,6.297,5131.99203,5260.291831
2014-02-03,808.5,6.262,5062.827,5189.397675
2014-02-04,802.99,6.3022,5060.603578,5187.118667
2014-02-05,782.33,6.2453,4885.885549,5008.032688
2014-02-06,763.99,6.2245,4755.455755,4874.342149
2014-02-07,705.01,6.1971,4369.017471,4478.242908
2014-02-08,680.49,6.1971,4217.064579,4322.491193
2014-02-09,687.37,6.1971,4259.700627,4366.193143
2014-02-10,687.81,6.1285,4215.243585,4320.624675
2014-02-11,675.1,6.1187,4130.73437,4234.002729
2014-02-12,651.99,6.1387,4002.371013,4102.430288
2014-02-13,604.11,6.0962,3682.775382,3774.844767
2014-02-14,669.0,6.0954,4077.8226,4179.768165
2014-02-15,655.83,6.0954,3997.546182,4097.484837
2014-02-16,621.0,6.0954,3785.2434,3879.874485
2014-02-17,633.66,6.0734,3848.470644,3944.68241
2014-02-18,627.7,6.076,3813.9052,3909.25283
2014-02-19,623.01,6.052,3770.45652,3864.717933
2014-02-20,561.86,6.1013,3428.076418,3513.778328
2014-02-21,581.35,6.1042,3548.67667,3637.393587
2014-02-22,610.88,6.1042,3728.933696,3822.157038
2014-02-23,610.09,6.1042,3724.111378,3817.214162
2014-02-24,535.49,6.0269,3227.344681,3308.028298
2014-02-25,535.0,6.0259,3223.8565,3304.452912
2014-02-26,585.24,6.052,3541.87248,3630.419292
2014-02-27,583.0,6.0585,3532.1055,3620.408137
2014-02-28,551.89,5.9907,3306.207423,3388.862609
2014-03-01,567.48,5.9907,3399.602436,3484.592497
2014-03-02,566.24,5.9907,3392.173968,3476.978317
2014-03-03,677.69,6.0412,4094.060828,4196.412349
2014-03-04,673.0,5.9911,4032.0103,4132.810558
2014-03-05,669.99,5.9937,4015.719063,4116.11204
2014-03-06,669.57,5.9851,4007.443407,4107.629492
2014-03-07,632.79,5.958,3770.16282,3864.41689
2014-03-08,620.0,5.958,3693.96,3786.309
2014-03-09,640.0,5.958,3813.12,3908.448
2014-03-10,629.39,5.9664,3755.192496,3849.072308
2014-03-11,632.1,5.9484,3759.98364,3853.983231
2014-03-12,634.95,5.9675,3789.064125,3883.790728
2014-03-13,641.01,5.9228,3796.574028,3891.488379
2014-03-14,630.42,5.9835,3772.11807,3866.421022
2014-03-15,637.24,5.9835,3812.92554,3908.248678
2014-03-16,634.99,5.9835,3799.462665,3894.449232
2014-03-17,621.11,5.9543,3698.275273,3790.732155
2014-03-18,612.0,5.974,3656.088,3747.4902
2014-03-19,611.2,5.9782,3653.87584,3745.222736
2014-03-20,587.98,6.0823,3576.270754,3665.677523
2014-03-21,570.0,6.0737,3462.009,3548.559225
2014-03-22,565.31,6.0737,3433.523347,3519.361431
2014-03-23,561.0,6.0737,3407.3457,3492.529342
2014-03-24,585.99,6.0618,3552.154182,3640.958037
2014-03-25,583.77,6.0483,3530.816091,3619.086493
2014-03-26,581.49,6.0416,3513.129984,3600.958234
2014-03-27,475.0,6.0078,2853.705,2925.047625
2014-03-28,502.01,5.9928,3008.445528,3083.656666
2014-03-29,491.99,5.9928,2948.397672,3022.107614
2014-03-30,460.0,5.9928,2756.688,2825.6052
2014-03-31,454.83,5.9871,2723.112693,2791.19051
2014-04-01,478.98,5.9659,2857.546782,2928.985452
2014-04-02,439.0,5.9551,2614.2889,2679.646122
2014-04-03,451.03,5.9763,2695.490589,2762.877854
2014-04-04,452.2,5.9945,2710.7129,2778.480722
2014-04-05,464.8,5.9945,2786.2436,2855.89969
2014-04-06,456.27,5.9945,2735.110515,2803.488278
2014-04-07,447.11,6.0049,2684.850839,2751.97211
2014-04-08,453.57,5.9794,2712.076458,2779.878369
2014-04-09,441.69,5.9588,2631.942372,2697.740931
2014-04-10,363.12,5.9249,2151.449688,2205.23593
2014-04-11,423.0,5.9548,2518.8804,2581.85241
2014-04-12,423.42,5.9548,2521.381416,2584.415951
2014-04-13,416.3,5.9548,2478.98324,2540.957821
2014-04-14,458.5,5.9594,2732.3849,2800.694522
2014-04-15,521.0,5.9621,3106.2541,3183.910452
2014-04-16,530.0,5.9515,3154.295,3233.152375
2014-04-17,500.09,5.9515,2976.285635,3050.692776
2014-04-18,483.11,5.9515,2875.229165,2947.109894
2014-04-19,503.8,5.9515,2998.3657,3073.324842
2014-04-20,500.0,5.9515,2975.75,3050.14375
2014-04-21,496.74,5.9515,2956.34811,3030.256813
2014-04-22,490.0,5.9792,2929.808,3003.0532
2014-04-23,492.0,5.9791,2941.7172,3015.26013
2014-04-24,502.2,5.9902,3008.27844,3083.485401
2014-04-25,466.52,5.9898,2794.361496,2864.220533
2014-04-26,459.0,5.9898,2749.3182,2818.051155
2014-04-27,430.0,5.9898,2575.614,2640.00435
2014-04-28,442.9,5.9985,2656.73565,2723.154041
2014-04-29,448.0,5.9894,2683.2512,2750.33248
2014-04-30,448.85,5.9726,2680.80151,2747.821548
